Leader,Follower,Cat_Leader,Cat_Follower,Intra_Inter,Best_Lag,Best_Pvalue,Best_Fstat,Significant,Pvals_by_lag,Frequency
DAX,EURGBP,Indices,FX_G10,Inter,1,0.0,28.1059,True,"{1: 0.0, 2: 0.0, 3: 0.0, 4: 0.0}",Weekly
EUROSTOXX50,ASX200,Indices,Indices,Intra,1,0.0,34.6863,True,"{1: 0.0, 2: 0.0, 3: 0.0, 4: 0.0}",Weekly
DAX,NIKKEI225,Indices,Indices,Intra,1,0.0,27.554,True,"{1: 0.0, 2: 0.0, 3: 0.0, 4: 0.0}",Weekly
DAX,SP500,Indices,Indices,Intra,1,0.0,27.5654,True,"{1: 0.0, 2: 0.0, 3: 0.0, 4: 0.0}",Weekly
DAX,DOWJONES,Indices,Indices,Intra,1,0.0,29.4015,True,"{1: 0.0, 2: 0.0, 3: 0.0, 4: 0.0}",Weekly
DAX,ASX200,Indices,Indices,Intra,1,0.0,36.3014,True,"{1: 0.0, 2: 0.0, 3: 0.0, 4: 0.0}",Weekly
FTSE100,ASX200,Indices,Indices,Intra,1,0.0,29.7676,True,"{1: 0.0, 2: 0.0, 3: 0.0, 4: 0.0}",Weekly
EUROSTOXX50,NIKKEI225,Indices,Indices,Intra,1,0.0,33.0608,True,"{1: 0.0, 2: 0.0, 3: 0.0, 4: 0.0}",Weekly
FTSE100,AUDUSD,Indices,FX_G10,Inter,4,0.0,9.1152,True,"{1: 0.0, 2: 0.0, 3: 0.0, 4: 0.0}",Weekly
VIX,AUDJPY,Indices,FX_G10,Inter,2,0.0,18.3176,True,"{1: 0.0, 2: 0.0, 3: 0.0, 4: 0.0}",Weekly
CAC40,NIKKEI225,Indices,Indices,Intra,1,0.0,30.1269,True,"{1: 0.0, 2: 0.0, 3: 0.0, 4: 0.0}",Weekly
TY_US10Y,USDJPY,Bonds,FX_G10,Inter,1,0.0,29.3808,True,"{1: 0.0, 2: 0.0, 3: 0.0, 4: 0.0}",Weekly
CAC40,ASX200,Indices,Indices,Intra,1,0.0,32.8476,True,"{1: 0.0, 2: 0.0, 3: 0.0, 4: 0.0}",Weekly
WTI_CRUDE,BRENT_CRUDE,Commodites,Commodites,Intra,3,0.0,11.3212,True,"{1: 0.0, 2: 0.0, 3: 0.0, 4: 0.0}",Weekly
CAC40,EURGBP,Indices,FX_G10,Inter,2,0.0,15.0711,True,"{1: 0.0, 2: 0.0, 3: 0.0, 4: 0.0}",Weekly
DOWJONES,USDNOK,Indices,FX_G10,Inter,4,0.0,11.3443,True,"{1: 0.0621, 2: 0.0, 3: 0.0, 4: 0.0}",Weekly
USDSEK,USDNOK,FX_G10,FX_G10,Intra,3,0.0,18.071,True,"{1: 0.0, 2: 0.0, 3: 0.0, 4: 0.0}",Weekly
USDJPY,USDNOK,FX_G10,FX_G10,Intra,4,0.0,10.8202,True,"{1: 0.0, 2: 0.0, 3: 0.0, 4: 0.0}",Weekly
EURUSD,USDNOK,FX_G10,FX_G10,Intra,2,0.0,20.1975,True,"{1: 0.0, 2: 0.0, 3: 0.0, 4: 0.0}",Weekly
SP500,USDNOK,Indices,FX_G10,Inter,4,0.0,10.4954,True,"{1: 0.0187, 2: 0.0, 3: 0.0, 4: 0.0}",Weekly
EUROSTOXX50,EURGBP,Indices,FX_G10,Inter,1,0.0,30.7753,True,"{1: 0.0, 2: 0.0, 3: 0.0, 4: 0.0}",Weekly
USDNOK,NIKKEI225,FX_G10,Indices,Inter,2,1e-06,14.0632,True,"{1: 0.0, 2: 0.0, 3: 0.0, 4: 0.0}",Weekly
VIX,NIKKEI225,Indices,Indices,Intra,2,1e-06,14.1053,True,"{1: 0.0, 2: 0.0, 3: 0.0, 4: 0.0}",Weekly
EUROSTOXX50,DOWJONES,Indices,Indices,Intra,1,1e-06,25.4005,True,"{1: 0.0, 2: 0.0, 3: 0.0, 4: 0.0}",Weekly
EUROSTOXX50,GBPUSD,Indices,FX_G10,Inter,1,2e-06,23.5118,True,"{1: 0.0, 2: 0.0, 3: 0.0, 4: 0.0}",Weekly
CAC40,DOWJONES,Indices,Indices,Intra,1,2e-06,23.515,True,"{1: 0.0, 2: 0.0, 3: 0.0, 4: 0.0}",Weekly
AUDUSD,USDNOK,FX_G10,FX_G10,Intra,2,2e-06,13.679,True,"{1: 0.0161, 2: 0.0, 3: 0.0, 4: 0.0}",Weekly
NZDUSD,USDNOK,FX_G10,FX_G10,Intra,2,3e-06,13.1545,True,"{1: 0.0017, 2: 0.0, 3: 0.0, 4: 0.0001}",Weekly
FTSE100,USDNOK,Indices,FX_G10,Inter,4,3e-06,8.0495,True,"{1: 0.0378, 2: 0.0, 3: 0.0, 4: 0.0}",Weekly
DAX,USDNOK,Indices,FX_G10,Inter,4,3e-06,8.0066,True,"{1: 0.02, 2: 0.0, 3: 0.0, 4: 0.0}",Weekly
EUROSTOXX50,SP500,Indices,Indices,Intra,1,3e-06,22.2831,True,"{1: 0.0, 2: 0.0, 3: 0.0001, 4: 0.0}",Weekly
NASDAQ100,USDNOK,Indices,FX_G10,Inter,2,3e-06,12.8922,True,"{1: 0.0158, 2: 0.0, 3: 0.0, 4: 0.0}",Weekly
USDNOK,WTI_CRUDE,FX_G10,Commodites,Inter,2,4e-06,12.7734,True,"{1: 0.0283, 2: 0.0, 3: 0.0, 4: 0.0001}",Weekly
USDNOK,RUSSELL2000,FX_G10,Indices,Inter,3,4e-06,9.5097,True,"{1: 0.0014, 2: 0.0, 3: 0.0, 4: 0.0}",Weekly
RUSSELL2000,USDNOK,Indices,FX_G10,Inter,2,6e-06,12.2499,True,"{1: 0.2077, 2: 0.0, 3: 0.0, 4: 0.0}",Weekly
DAX,GBPUSD,Indices,FX_G10,Inter,1,6e-06,20.7586,True,"{1: 0.0, 2: 0.0, 3: 0.0, 4: 0.0}",Weekly
EUROSTOXX50,USDNOK,Indices,FX_G10,Inter,4,7e-06,7.4642,True,"{1: 0.0169, 2: 0.0, 3: 0.0, 4: 0.0}",Weekly
ZINC,USDNOK,Commodites,FX_G10,Inter,2,7e-06,12.0707,True,"{1: 0.0001, 2: 0.0, 3: 0.0, 4: 0.0001}",Weekly
GBPUSD,USDNOK,FX_G10,FX_G10,Intra,2,7e-06,12.1301,True,"{1: 0.0018, 2: 0.0, 3: 0.0, 4: 0.0001}",Weekly
RUSSELL2000,ASX200,Indices,Indices,Intra,1,7e-06,20.44,True,"{1: 0.0, 2: 0.0, 3: 0.0, 4: 0.0001}",Weekly
RX_BUND,USDNOK,Bonds,FX_G10,Inter,3,7e-06,9.1091,True,"{1: 0.6815, 2: 0.0002, 3: 0.0, 4: 0.0}",Weekly
CAC40,USDNOK,Indices,FX_G10,Inter,4,8e-06,7.3856,True,"{1: 0.0071, 2: 0.0, 3: 0.0001, 4: 0.0}",Weekly
ASX200,USDNOK,Indices,FX_G10,Inter,4,9e-06,7.355,True,"{1: 0.1541, 2: 0.0001, 3: 0.0001, 4: 0.0}",Weekly
FTSE100,WTI_CRUDE,Indices,Commodites,Inter,4,1.3e-05,7.1381,True,"{1: 0.0001, 2: 0.0004, 3: 0.0002, 4: 0.0}",Weekly
CAC40,BRENT_CRUDE,Indices,Commodites,Inter,1,1.8e-05,18.6634,True,"{1: 0.0, 2: 0.0, 3: 0.0, 4: 0.0002}",Weekly
FTSE100,BRENT_CRUDE,Indices,Commodites,Inter,1,1.9e-05,18.6039,True,"{1: 0.0, 2: 0.0, 3: 0.0, 4: 0.0001}",Weekly
USDNOK,BRENT_CRUDE,FX_G10,Commodites,Inter,4,2.9e-05,6.695,True,"{1: 0.0009, 2: 0.0, 3: 0.0001, 4: 0.0}",Weekly
RUSSELL2000,EURGBP,Indices,FX_G10,Inter,1,2.9e-05,17.7533,True,"{1: 0.0, 2: 0.0001, 3: 0.0001, 4: 0.0002}",Weekly
CAC40,GBPUSD,Indices,FX_G10,Inter,1,3e-05,17.7263,True,"{1: 0.0, 2: 0.0001, 3: 0.0001, 4: 0.0001}",Weekly
CAC40,SP500,Indices,Indices,Intra,1,3e-05,17.7237,True,"{1: 0.0, 2: 0.0001, 3: 0.0005, 4: 0.0002}",Weekly
USDCHF,USDNOK,FX_G10,FX_G10,Intra,4,3e-05,6.6644,True,"{1: 0.011, 2: 0.0021, 3: 0.0, 4: 0.0}",Weekly
DOWJONES,WTI_CRUDE,Indices,Commodites,Inter,4,5.1e-05,6.3739,True,"{1: 0.0086, 2: 0.0014, 3: 0.0064, 4: 0.0001}",Weekly
USDNOK,DOWJONES,FX_G10,Indices,Inter,2,6.2e-05,9.8489,True,"{1: 0.0001, 2: 0.0001, 3: 0.0001, 4: 0.0006}",Weekly
NIKKEI225,EURGBP,Indices,FX_G10,Inter,2,6.2e-05,9.8545,True,"{1: 0.0001, 2: 0.0001, 3: 0.0001, 4: 0.0002}",Weekly
CAC40,WTI_CRUDE,Indices,Commodites,Inter,1,6.8e-05,16.1005,True,"{1: 0.0001, 2: 0.0004, 3: 0.0003, 4: 0.0002}",Weekly
VIX,GBPJPY,Indices,FX_G10,Inter,2,7.1e-05,9.7215,True,"{1: 0.0012, 2: 0.0001, 3: 0.0003, 4: 0.0007}",Weekly
RUSSELL2000,WTI_CRUDE,Indices,Commodites,Inter,4,7.2e-05,6.1794,True,"{1: 0.0007, 2: 0.0021, 3: 0.008, 4: 0.0001}",Weekly
COPPER,USDNOK,Commodites,FX_G10,Inter,2,7.2e-05,9.6953,True,"{1: 0.0006, 2: 0.0001, 3: 0.0002, 4: 0.0006}",Weekly
EUROSTOXX50,BRENT_CRUDE,Indices,Commodites,Inter,1,7.5e-05,15.9139,True,"{1: 0.0001, 2: 0.0003, 3: 0.0001, 4: 0.0005}",Weekly
DAX,BRENT_CRUDE,Indices,Commodites,Inter,1,0.000113,15.1238,True,"{1: 0.0001, 2: 0.0005, 3: 0.0002, 4: 0.0009}",Weekly
EUROSTOXX50,AUDUSD,Indices,FX_G10,Inter,1,0.000116,15.0605,True,"{1: 0.0001, 2: 0.0006, 3: 0.0009, 4: 0.0002}",Weekly
SILVER,USDNOK,Commodites,FX_G10,Inter,2,0.000119,9.1832,True,"{1: 0.1001, 2: 0.0001, 3: 0.0002, 4: 0.0001}",Weekly
RUSSELL2000,BRENT_CRUDE,Indices,Commodites,Inter,1,0.000124,14.9365,True,"{1: 0.0001, 2: 0.0004, 3: 0.0012, 4: 0.0013}",Weekly
VIX,AUDUSD,Indices,FX_G10,Inter,3,0.000136,6.9401,True,"{1: 0.0004, 2: 0.0003, 3: 0.0001, 4: 0.0003}",Weekly
TY_US10Y,USDCHF,Bonds,FX_G10,Inter,4,0.000137,5.8126,True,"{1: 0.0002, 2: 0.0007, 3: 0.0017, 4: 0.0001}",Weekly
NASDAQ100,NIKKEI225,Indices,Indices,Intra,2,0.000142,8.9984,True,"{1: 0.0139, 2: 0.0001, 3: 0.0003, 4: 0.0006}",Weekly
FTSE100,DOWJONES,Indices,Indices,Intra,1,0.000167,14.36,True,"{1: 0.0002, 2: 0.0008, 3: 0.0023, 4: 0.0029}",Weekly
FTSE100,USDCAD,Indices,FX_G10,Inter,1,0.00017,14.3242,True,"{1: 0.0002, 2: 0.0009, 3: 0.0016, 4: 0.0007}",Weekly
DAX,WTI_CRUDE,Indices,Commodites,Inter,4,0.000173,5.6842,True,"{1: 0.0003, 2: 0.0015, 3: 0.0011, 4: 0.0002}",Weekly
TY_US10Y,NZDUSD,Bonds,FX_G10,Inter,1,0.000181,14.2008,True,"{1: 0.0002, 2: 0.0008, 3: 0.0012, 4: 0.0023}",Weekly
FTSE100,GBPUSD,Indices,FX_G10,Inter,4,0.000188,5.6348,True,"{1: 0.0008, 2: 0.0033, 3: 0.0008, 4: 0.0002}",Weekly
EUROSTOXX50,WTI_CRUDE,Indices,Commodites,Inter,1,0.00019,14.1111,True,"{1: 0.0002, 2: 0.0011, 3: 0.0005, 4: 0.0003}",Weekly
USDCAD,USDNOK,FX_G10,FX_G10,Intra,2,0.000241,8.4546,True,"{1: 0.2095, 2: 0.0002, 3: 0.0005, 4: 0.0026}",Weekly
WTI_CRUDE,USDNOK,Commodites,FX_G10,Inter,2,0.000254,8.3996,True,"{1: 0.0036, 2: 0.0003, 3: 0.001, 4: 0.0015}",Weekly
DAX,NASDAQ100,Indices,Indices,Intra,1,0.000291,13.293,True,"{1: 0.0003, 2: 0.0014, 3: 0.005, 4: 0.0107}",Weekly
ASX200,WTI_CRUDE,Indices,Commodites,Inter,4,0.000315,5.3436,True,"{1: 0.1574, 2: 0.0589, 3: 0.1172, 4: 0.0003}",Weekly
EUROSTOXX50,GBPJPY,Indices,FX_G10,Inter,1,0.000383,12.7663,True,"{1: 0.0004, 2: 0.0017, 3: 0.0049, 4: 0.0114}",Weekly
RX_BUND,GBPJPY,Bonds,FX_G10,Inter,1,0.000387,12.7481,True,"{1: 0.0004, 2: 0.0013, 3: 0.0035, 4: 0.0084}",Weekly
DAX,AUDUSD,Indices,FX_G10,Inter,1,0.000404,12.6622,True,"{1: 0.0004, 2: 0.0017, 3: 0.0022, 4: 0.0006}",Weekly
VIX,EURGBP,Indices,FX_G10,Inter,2,0.000404,7.9238,True,"{1: 0.015, 2: 0.0004, 3: 0.0007, 4: 0.0014}",Weekly
RUSSELL2000,GOLD,Indices,Commodites,Inter,1,0.00041,12.6371,True,"{1: 0.0004, 2: 0.0021, 3: 0.0022, 4: 0.0026}",Weekly
TY_US10Y,EURUSD,Bonds,FX_G10,Inter,4,0.00044,5.1531,True,"{1: 0.0023, 2: 0.0019, 3: 0.0006, 4: 0.0004}",Weekly
CAC40,RUSSELL2000,Indices,Indices,Intra,4,0.000444,5.1482,True,"{1: 0.0138, 2: 0.0149, 3: 0.0108, 4: 0.0004}",Weekly
EURGBP,GOLD,FX_G10,Commodites,Inter,3,0.000446,6.0807,True,"{1: 0.0006, 2: 0.0037, 3: 0.0004, 4: 0.0006}",Weekly
EUROSTOXX50,RUSSELL2000,Indices,Indices,Intra,4,0.000507,5.0726,True,"{1: 0.0057, 2: 0.0069, 3: 0.0061, 4: 0.0005}",Weekly
DOWJONES,BRENT_CRUDE,Indices,Commodites,Inter,2,0.000527,7.6504,True,"{1: 0.0009, 2: 0.0005, 3: 0.0013, 4: 0.0018}",Weekly
GBPUSD,GOLD,FX_G10,Commodites,Inter,3,0.000552,5.927,True,"{1: 0.001, 2: 0.0055, 3: 0.0006, 4: 0.0016}",Weekly
TY_US10Y,USDNOK,Bonds,FX_G10,Inter,4,0.000555,5.021,True,"{1: 0.6665, 2: 0.0013, 3: 0.0006, 4: 0.0006}",Weekly
GOLD,USDNOK,Commodites,FX_G10,Inter,2,0.000601,7.5143,True,"{1: 0.5434, 2: 0.0006, 3: 0.0009, 4: 0.001}",Weekly
USDNOK,SP500,FX_G10,Indices,Inter,2,0.000605,7.5089,True,"{1: 0.0023, 2: 0.0006, 3: 0.0017, 4: 0.006}",Weekly
PLATINUM,USDNOK,Commodites,FX_G10,Inter,4,0.00062,4.9578,True,"{1: 0.7703, 2: 0.0007, 3: 0.0027, 4: 0.0006}",Weekly
GOLD,GBPUSD,Commodites,FX_G10,Inter,4,0.000626,4.9528,True,"{1: 0.0038, 2: 0.005, 3: 0.0009, 4: 0.0006}",Weekly
FTSE100,EURGBP,Indices,FX_G10,Inter,1,0.000636,11.7994,True,"{1: 0.0006, 2: 0.0016, 3: 0.0048, 4: 0.0117}",Weekly
EUROSTOXX50,AUDJPY,Indices,FX_G10,Inter,1,0.000639,11.7894,True,"{1: 0.0006, 2: 0.0027, 3: 0.002, 4: 0.0017}",Weekly
SP500,WTI_CRUDE,Indices,Commodites,Inter,4,0.00067,4.9141,True,"{1: 0.0115, 2: 0.009, 3: 0.0327, 4: 0.0007}",Weekly
NAT_GAS,RUSSELL2000,Commodites,Indices,Inter,3,0.000699,5.7555,True,"{1: 0.0076, 2: 0.004, 3: 0.0007, 4: 0.0017}",Weekly
NIKKEI225,USDNOK,Indices,FX_G10,Inter,2,0.000705,7.3514,True,"{1: 0.001, 2: 0.0007, 3: 0.0017, 4: 0.0013}",Weekly
DOWJONES,GOLD,Indices,Commodites,Inter,1,0.000727,11.5436,True,"{1: 0.0007, 2: 0.0015, 3: 0.0028, 4: 0.0117}",Weekly
DOWJONES,EURGBP,Indices,FX_G10,Inter,1,0.000752,11.4815,True,"{1: 0.0008, 2: 0.0015, 3: 0.0031, 4: 0.0051}",Weekly
CAC40,AUDUSD,Indices,FX_G10,Inter,1,0.000792,11.3816,True,"{1: 0.0008, 2: 0.0033, 3: 0.0051, 4: 0.0017}",Weekly
USDNOK,FTSE100,FX_G10,Indices,Inter,3,0.000807,5.6516,True,"{1: 0.009, 2: 0.0069, 3: 0.0008, 4: 0.0012}",Weekly
GOLD,USDJPY,Commodites,FX_G10,Inter,2,0.000814,7.2036,True,"{1: 0.0011, 2: 0.0008, 3: 0.0022, 4: 0.0039}",Weekly
USDCHF,USDCAD,FX_G10,FX_G10,Intra,1,0.000836,11.2806,True,"{1: 0.0008, 2: 0.001, 3: 0.1446, 4: 0.4918}",Weekly
EUROSTOXX50,HANGSENG,Indices,Indices,Intra,1,0.00089,11.1615,True,"{1: 0.0009, 2: 0.0023, 3: 0.0059, 4: 0.0114}",Weekly
VIX,USDNOK,Indices,FX_G10,Inter,4,0.000945,4.7177,True,"{1: 0.0285, 2: 0.0016, 3: 0.0015, 4: 0.0009}",Weekly
TY_US10Y,GBPJPY,Bonds,FX_G10,Inter,1,0.001003,10.9351,True,"{1: 0.001, 2: 0.0035, 3: 0.0071, 4: 0.0097}",Weekly
G_GILT,USDNOK,Bonds,FX_G10,Inter,2,0.001007,6.9855,True,"{1: 0.2001, 2: 0.001, 3: 0.0014, 4: 0.0017}",Weekly
G_GILT,USDJPY,Bonds,FX_G10,Inter,1,0.001017,10.9097,True,"{1: 0.001, 2: 0.003, 3: 0.0101, 4: 0.0161}",Weekly
CAC40,HANGSENG,Indices,Indices,Intra,1,0.001144,10.6871,True,"{1: 0.0011, 2: 0.0037, 3: 0.0068, 4: 0.0134}",Weekly
FTSE100,NIKKEI225,Indices,Indices,Intra,1,0.00115,10.6769,True,"{1: 0.0012, 2: 0.0068, 3: 0.0177, 4: 0.0441}",Weekly
NIKKEI225,BRENT_CRUDE,Indices,Commodites,Inter,1,0.001198,10.6002,True,"{1: 0.0012, 2: 0.0034, 3: 0.0083, 4: 0.0231}",Weekly
RX_BUND,USDJPY,Bonds,FX_G10,Inter,1,0.0012,10.5974,True,"{1: 0.0012, 2: 0.0023, 3: 0.0082, 4: 0.0167}",Weekly
SP500,EURGBP,Indices,FX_G10,Inter,1,0.001298,10.4498,True,"{1: 0.0013, 2: 0.002, 3: 0.0037, 4: 0.0058}",Weekly
SP500,GOLD,Indices,Commodites,Inter,1,0.001356,10.3675,True,"{1: 0.0014, 2: 0.004, 3: 0.0052, 4: 0.0198}",Weekly
RX_BUND,EURJPY,Bonds,FX_G10,Inter,1,0.001409,10.2951,True,"{1: 0.0014, 2: 0.0025, 3: 0.0024, 4: 0.0076}",Weekly
DAX,RUSSELL2000,Indices,Indices,Intra,1,0.001508,10.167,True,"{1: 0.0015, 2: 0.0026, 3: 0.005, 4: 0.0015}",Weekly
NASDAQ100,AUDJPY,Indices,FX_G10,Inter,2,0.001612,6.5039,True,"{1: 0.0033, 2: 0.0016, 3: 0.0028, 4: 0.0056}",Weekly
SP500,AUDJPY,Indices,FX_G10,Inter,2,0.001618,6.5001,True,"{1: 0.007, 2: 0.0016, 3: 0.003, 4: 0.0061}",Weekly
SILVER,AUDUSD,Commodites,FX_G10,Inter,1,0.001674,9.9712,True,"{1: 0.0017, 2: 0.0056, 3: 0.0101, 4: 0.0156}",Weekly
NIKKEI225,GOLD,Indices,Commodites,Inter,3,0.001704,5.1093,True,"{1: 0.0028, 2: 0.0083, 3: 0.0017, 4: 0.0048}",Weekly
CAC40,GBPJPY,Indices,FX_G10,Inter,1,0.001711,9.9302,True,"{1: 0.0017, 2: 0.0079, 3: 0.0195, 4: 0.0397}",Weekly
FTSE100,NZDUSD,Indices,FX_G10,Inter,1,0.001745,9.8933,True,"{1: 0.0017, 2: 0.0082, 3: 0.0078, 4: 0.0031}",Weekly
SP500,NIKKEI225,Indices,Indices,Intra,2,0.001751,6.4192,True,"{1: 0.1703, 2: 0.0018, 3: 0.0039, 4: 0.0054}",Weekly
EURJPY,TY_US10Y,FX_G10,Bonds,Inter,4,0.001792,4.3508,True,"{1: 0.1589, 2: 0.1883, 3: 0.0836, 4: 0.0018}",Weekly
DAX,GBPJPY,Indices,FX_G10,Inter,1,0.001911,9.7238,True,"{1: 0.0019, 2: 0.0091, 3: 0.0214, 4: 0.046}",Weekly
OAT_FRANCE,NZDUSD,Bonds,FX_G10,Inter,2,0.001958,6.3053,True,"{1: 0.0053, 2: 0.002, 3: 0.004, 4: 0.0052}",Weekly
CAC40,AUDJPY,Indices,FX_G10,Inter,1,0.002006,9.6334,True,"{1: 0.002, 2: 0.0075, 3: 0.0049, 4: 0.0048}",Weekly
OAT_FRANCE,USDNOK,Bonds,FX_G10,Inter,2,0.002036,6.2652,True,"{1: 0.5613, 2: 0.002, 3: 0.0033, 4: 0.0061}",Weekly
EURCHF,USDCAD,FX_G10,FX_G10,Intra,1,0.002155,9.4991,True,"{1: 0.0022, 2: 0.0051, 3: 0.5761, 4: 0.8521}",Weekly
OAT_FRANCE,USDJPY,Bonds,FX_G10,Inter,1,0.002331,9.3531,True,"{1: 0.0023, 2: 0.0043, 3: 0.0148, 4: 0.0338}",Weekly
DAX,HANGSENG,Indices,Indices,Intra,1,0.002354,9.3346,True,"{1: 0.0024, 2: 0.0069, 3: 0.0192, 4: 0.0292}",Weekly
TY_US10Y,AUDUSD,Bonds,FX_G10,Inter,1,0.002389,9.3071,True,"{1: 0.0024, 2: 0.0115, 3: 0.0231, 4: 0.0314}",Weekly
GOLD,AUDUSD,Commodites,FX_G10,Inter,2,0.002409,6.093,True,"{1: 0.0038, 2: 0.0024, 3: 0.0026, 4: 0.0069}",Weekly
USDSEK,USDCHF,FX_G10,FX_G10,Intra,2,0.002431,6.084,True,"{1: 0.8293, 2: 0.0024, 3: 0.0088, 4: 0.2931}",Weekly
SP500,BRENT_CRUDE,Indices,Commodites,Inter,1,0.002434,9.2723,True,"{1: 0.0024, 2: 0.0038, 3: 0.0086, 4: 0.01}",Weekly
GOLD,EURUSD,Commodites,FX_G10,Inter,3,0.002539,4.8191,True,"{1: 0.0372, 2: 0.0077, 3: 0.0025, 4: 0.0039}",Weekly
EUROSTOXX50,NASDAQ100,Indices,Indices,Intra,1,0.002594,9.1541,True,"{1: 0.0026, 2: 0.0103, 3: 0.0307, 4: 0.0428}",Weekly
GBPJPY,GOLD,FX_G10,Commodites,Inter,3,0.002721,4.7686,True,"{1: 0.0029, 2: 0.0167, 3: 0.0027, 4: 0.0068}",Weekly
USDNOK,EURUSD,FX_G10,FX_G10,Intra,1,0.002739,9.0528,True,"{1: 0.0027, 2: 0.0094, 3: 0.0088, 4: 0.0056}",Weekly
FTSE100,AUDJPY,Indices,FX_G10,Inter,1,0.002771,9.0309,True,"{1: 0.0028, 2: 0.0093, 3: 0.0244, 4: 0.0247}",Weekly
ASX200,HANGSENG,Indices,Indices,Intra,4,0.002935,4.0666,True,"{1: 0.3509, 2: 0.0582, 3: 0.011, 4: 0.0029}",Weekly
NIKKEI225,WTI_CRUDE,Indices,Commodites,Inter,1,0.002982,8.8949,True,"{1: 0.003, 2: 0.0109, 3: 0.0283, 4: 0.0129}",Weekly
SILVER,USDJPY,Commodites,FX_G10,Inter,2,0.003011,5.8656,True,"{1: 0.067, 2: 0.003, 3: 0.0073, 4: 0.0116}",Weekly
DOWJONES,CAC40,Indices,Indices,Intra,2,0.003012,5.8652,True,"{1: 0.065, 2: 0.003, 3: 0.0064, 4: 0.0165}",Weekly
USDNOK,CAC40,FX_G10,Indices,Inter,3,0.003045,4.6866,True,"{1: 0.0197, 2: 0.0045, 3: 0.003, 4: 0.0073}",Weekly
USDNOK,NZDUSD,FX_G10,FX_G10,Intra,1,0.003254,8.7334,True,"{1: 0.0033, 2: 0.0127, 3: 0.0129, 4: 0.0284}",Weekly
BRENT_CRUDE,WTI_CRUDE,Commodites,Commodites,Intra,3,0.003258,4.6373,True,"{1: 0.0108, 2: 0.0435, 3: 0.0033, 4: 0.0075}",Weekly
VIX,GBPUSD,Indices,FX_G10,Inter,3,0.003263,4.6364,True,"{1: 0.0512, 2: 0.0085, 3: 0.0033, 4: 0.0074}",Weekly
HANGSENG,AUDUSD,Indices,FX_G10,Inter,2,0.003708,5.6529,True,"{1: 0.024, 2: 0.0037, 3: 0.0082, 4: 0.0113}",Weekly
DAX,AUDJPY,Indices,FX_G10,Inter,1,0.003757,8.4676,True,"{1: 0.0038, 2: 0.0144, 3: 0.013, 4: 0.0152}",Weekly
GOLD,NZDUSD,Commodites,FX_G10,Inter,2,0.003953,5.5877,True,"{1: 0.017, 2: 0.004, 3: 0.0058, 4: 0.0083}",Weekly
WTI_CRUDE,GOLD,Commodites,Commodites,Intra,1,0.004069,8.3202,True,"{1: 0.0041, 2: 0.0244, 3: 0.0478, 4: 0.0078}",Weekly
PLATINUM,USDJPY,Commodites,FX_G10,Inter,2,0.004095,5.5516,True,"{1: 0.0608, 2: 0.0041, 3: 0.0071, 4: 0.0187}",Weekly
ASX200,BRENT_CRUDE,Indices,Commodites,Inter,4,0.004103,3.8729,True,"{1: 0.0525, 2: 0.0436, 3: 0.0973, 4: 0.0041}",Weekly
FTSE100,HANGSENG,Indices,Indices,Intra,2,0.004265,5.5104,True,"{1: 0.0074, 2: 0.0043, 3: 0.0122, 4: 0.0237}",Weekly
OAT_FRANCE,VIX,Bonds,Indices,Inter,1,0.004422,8.1669,True,"{1: 0.0044, 2: 0.0084, 3: 0.0098, 4: 0.0189}",Weekly
BRENT_CRUDE,USDCAD,Commodites,FX_G10,Inter,1,0.004448,8.1561,True,"{1: 0.0044, 2: 0.026, 3: 0.075, 4: 0.0982}",Weekly
FTSE100,SP500,Indices,Indices,Intra,1,0.004617,8.0877,True,"{1: 0.0046, 2: 0.0192, 3: 0.045, 4: 0.0542}",Weekly
ZINC,RX_BUND,Commodites,Bonds,Inter,2,0.004619,5.429,True,"{1: 0.0297, 2: 0.0046, 3: 0.0148, 4: 0.0166}",Weekly
USDNOK,AUDUSD,FX_G10,FX_G10,Intra,1,0.004765,8.0295,True,"{1: 0.0048, 2: 0.0138, 3: 0.0216, 4: 0.0319}",Weekly
WTI_CRUDE,TY_US10Y,Commodites,Bonds,Inter,1,0.004862,7.9925,True,"{1: 0.0049, 2: 0.0222, 3: 0.0321, 4: 0.0393}",Weekly
NZDUSD,USDCHF,FX_G10,FX_G10,Intra,3,0.004898,4.3397,True,"{1: 0.6632, 2: 0.0085, 3: 0.0049, 4: 0.0764}",Weekly
PLATINUM,GBPUSD,Commodites,FX_G10,Inter,4,0.005185,3.7369,True,"{1: 0.1263, 2: 0.3819, 3: 0.0089, 4: 0.0052}",Weekly
TY_US10Y,USDSEK,Bonds,FX_G10,Inter,1,0.005717,7.6958,True,"{1: 0.0057, 2: 0.0063, 3: 0.0086, 4: 0.013}",Weekly
FTSE100,NAT_GAS,Indices,Commodites,Inter,1,0.005776,7.677,True,"{1: 0.0058, 2: 0.0256, 3: 0.0229, 4: 0.0221}",Weekly
DOWJONES,ASX200,Indices,Indices,Intra,1,0.005817,7.664,True,"{1: 0.0058, 2: 0.0141, 3: 0.0487, 4: 0.0442}",Weekly
SP500,CAC40,Indices,Indices,Intra,2,0.005837,5.1905,True,"{1: 0.1783, 2: 0.0058, 3: 0.0134, 4: 0.0357}",Weekly
NAT_GAS,SP500,Commodites,Indices,Inter,3,0.005903,4.2032,True,"{1: 0.0697, 2: 0.0792, 3: 0.0059, 4: 0.0167}",Weekly
SP500,ASX200,Indices,Indices,Intra,1,0.005998,7.6081,True,"{1: 0.006, 2: 0.0141, 3: 0.038, 4: 0.0494}",Weekly
VIX,USDJPY,Indices,FX_G10,Inter,3,0.006163,4.1717,True,"{1: 0.0247, 2: 0.0351, 3: 0.0062, 4: 0.0101}",Weekly
GBPJPY,TY_US10Y,FX_G10,Bonds,Inter,4,0.006207,3.6321,True,"{1: 0.0087, 2: 0.0583, 3: 0.0181, 4: 0.0062}",Weekly
VIX,ASX200,Indices,Indices,Intra,2,0.006489,5.0827,True,"{1: 0.0239, 2: 0.0065, 3: 0.0361, 4: 0.0347}",Weekly
GBPUSD,USDCHF,FX_G10,FX_G10,Intra,3,0.006627,4.1186,True,"{1: 0.0526, 2: 0.0134, 3: 0.0066, 4: 0.0802}",Weekly
PLATINUM,COPPER,Commodites,Commodites,Intra,2,0.006694,5.0511,True,"{1: 0.0228, 2: 0.0067, 3: 0.0117, 4: 0.0163}",Weekly
ZINC,OAT_FRANCE,Commodites,Bonds,Inter,2,0.006879,5.0233,True,"{1: 0.2174, 2: 0.0069, 3: 0.0228, 4: 0.047}",Weekly
OAT_FRANCE,ASX200,Bonds,Indices,Inter,1,0.007086,7.3039,True,"{1: 0.0071, 2: 0.0238, 3: 0.0604, 4: 0.1191}",Weekly
NAT_GAS,NASDAQ100,Commodites,Indices,Inter,3,0.007183,4.0595,True,"{1: 0.162, 2: 0.2038, 3: 0.0072, 4: 0.0189}",Weekly
VIX,HANGSENG,Indices,Indices,Intra,2,0.007465,4.9401,True,"{1: 0.0094, 2: 0.0075, 3: 0.0222, 4: 0.0429}",Weekly
EUROSTOXX50,COPPER,Indices,Commodites,Inter,1,0.007468,7.2083,True,"{1: 0.0075, 2: 0.028, 3: 0.0306, 4: 0.0444}",Weekly
COPPER,AUDJPY,Commodites,FX_G10,Inter,1,0.007584,7.1803,True,"{1: 0.0076, 2: 0.0184, 3: 0.045, 4: 0.1023}",Weekly
ZINC,TY_US10Y,Commodites,Bonds,Inter,4,0.007644,3.5104,True,"{1: 0.1904, 2: 0.1134, 3: 0.0733, 4: 0.0076}",Weekly
G_GILT,USDSEK,Bonds,FX_G10,Inter,3,0.007648,4.0135,True,"{1: 0.0361, 2: 0.0155, 3: 0.0076, 4: 0.0153}",Weekly
EURGBP,USDCHF,FX_G10,FX_G10,Intra,1,0.007668,7.1603,True,"{1: 0.0077, 2: 0.0343, 3: 0.0692, 4: 0.0975}",Weekly
NASDAQ100,GOLD,Indices,Commodites,Inter,1,0.007721,7.1477,True,"{1: 0.0077, 2: 0.0321, 3: 0.0338, 4: 0.095}",Weekly
USDNOK,PLATINUM,FX_G10,Commodites,Inter,1,0.007767,7.1371,True,"{1: 0.0078, 2: 0.0262, 3: 0.068, 4: 0.1314}",Weekly
DAX,COPPER,Indices,Commodites,Inter,1,0.007936,7.098,True,"{1: 0.0079, 2: 0.0336, 3: 0.0341, 4: 0.0445}",Weekly
EUROSTOXX50,RX_BUND,Indices,Bonds,Inter,1,0.00798,7.0878,True,"{1: 0.008, 2: 0.026, 3: 0.0244, 4: 0.0456}",Weekly
DAX,NAT_GAS,Indices,Commodites,Inter,1,0.008024,7.0779,True,"{1: 0.008, 2: 0.034, 3: 0.0628, 4: 0.0414}",Weekly
PLATINUM,NIKKEI225,Commodites,Indices,Inter,2,0.008406,4.8194,True,"{1: 0.0438, 2: 0.0084, 3: 0.0117, 4: 0.0239}",Weekly
EUROSTOXX50,USDCAD,Indices,FX_G10,Inter,1,0.008447,6.9847,True,"{1: 0.0084, 2: 0.0253, 3: 0.0173, 4: 0.0139}",Weekly
DOWJONES,DAX,Indices,Indices,Intra,2,0.008449,4.8142,True,"{1: 0.0805, 2: 0.0084, 3: 0.0139, 4: 0.0366}",Weekly
AUDJPY,NAT_GAS,FX_G10,Commodites,Inter,1,0.008676,6.9363,True,"{1: 0.0087, 2: 0.0218, 3: 0.0547, 4: 0.0779}",Weekly
EURCHF,USDCHF,FX_G10,FX_G10,Intra,2,0.008685,4.7862,True,"{1: 0.6977, 2: 0.0087, 3: 0.0507, 4: 0.6529}",Weekly
CAC40,COPPER,Indices,Commodites,Inter,1,0.008711,6.9291,True,"{1: 0.0087, 2: 0.0328, 3: 0.0369, 4: 0.0505}",Weekly
WTI_CRUDE,EURJPY,Commodites,FX_G10,Inter,2,0.008738,4.78,True,"{1: 0.1294, 2: 0.0087, 3: 0.0227, 4: 0.0376}",Weekly
NIKKEI225,NAT_GAS,Indices,Commodites,Inter,4,0.008992,3.4152,True,"{1: 0.6585, 2: 0.8452, 3: 0.2657, 4: 0.009}",Weekly
USDCAD,AUDUSD,FX_G10,FX_G10,Intra,2,0.009214,4.726,True,"{1: 0.0355, 2: 0.0092, 3: 0.0458, 4: 0.187}",Weekly
EURGBP,USDJPY,FX_G10,FX_G10,Intra,1,0.00923,6.8243,True,"{1: 0.0092, 2: 0.0292, 3: 0.0853, 4: 0.1841}",Weekly
HANGSENG,VIX,Indices,Indices,Intra,1,0.009395,6.7923,True,"{1: 0.0094, 2: 0.0669, 3: 0.1165, 4: 0.0537}",Weekly
FTSE100,COPPER,Indices,Commodites,Inter,1,0.009403,6.7908,True,"{1: 0.0094, 2: 0.0344, 3: 0.056, 4: 0.0945}",Weekly
SP500,DAX,Indices,Indices,Intra,2,0.009477,4.6975,True,"{1: 0.1092, 2: 0.0095, 3: 0.017, 4: 0.0329}",Weekly
USDNOK,DAX,FX_G10,Indices,Inter,3,0.00955,3.8504,True,"{1: 0.1086, 2: 0.021, 3: 0.0096, 4: 0.0159}",Weekly
NAT_GAS,DOWJONES,Commodites,Indices,Inter,3,0.009592,3.8472,True,"{1: 0.0418, 2: 0.0705, 3: 0.0096, 4: 0.0293}",Weekly
VIX,NZDUSD,Indices,FX_G10,Inter,1,0.009663,6.7415,True,"{1: 0.0097, 2: 0.0291, 3: 0.0226, 4: 0.0304}",Weekly
USDCHF,NZDUSD,FX_G10,FX_G10,Intra,2,0.009787,4.6647,True,"{1: 0.0119, 2: 0.0098, 3: 0.2234, 4: 0.8317}",Weekly
HANGSENG,CAC40,Indices,Indices,Intra,1,0.009864,6.7042,True,"{1: 0.0099, 2: 0.0268, 3: 0.0723, 4: 0.0935}",Weekly
EURUSD,USDCHF,FX_G10,FX_G10,Intra,2,0.009893,4.6538,True,"{1: 0.5975, 2: 0.0099, 3: 0.0637, 4: 0.6597}",Weekly
SILVER,BRENT_CRUDE,Commodites,Commodites,Intra,2,0.009903,4.6527,True,"{1: 0.0262, 2: 0.0099, 3: 0.0164, 4: 0.0365}",Weekly
AUDJPY,EURGBP,FX_G10,FX_G10,Intra,4,0.009953,3.3556,True,"{1: 0.0352, 2: 0.0857, 3: 0.0181, 4: 0.01}",Weekly
TY_US10Y,EURJPY,Bonds,FX_G10,Inter,1,0.010026,6.6749,True,"{1: 0.01, 2: 0.0357, 3: 0.0195, 4: 0.0102}",Weekly
RUSSELL2000,NIKKEI225,Indices,Indices,Intra,1,0.010173,6.6486,True,"{1: 0.0102, 2: 0.0146, 3: 0.0251, 4: 0.023}",Weekly
USDNOK,USDCHF,FX_G10,FX_G10,Intra,4,0.010278,3.3367,True,"{1: 0.0479, 2: 0.0115, 3: 0.018, 4: 0.0103}",Weekly
FTSE100,LEAD,Indices,Commodites,Inter,1,0.010316,6.6236,True,"{1: 0.0103, 2: 0.0342, 3: 0.0867, 4: 0.123}",Weekly
GBPUSD,PLATINUM,FX_G10,Commodites,Inter,1,0.010383,6.6119,True,"{1: 0.0104, 2: 0.0236, 3: 0.0498, 4: 0.0849}",Weekly
NAT_GAS,RX_BUND,Commodites,Bonds,Inter,1,0.010527,6.587,True,"{1: 0.0105, 2: 0.0255, 3: 0.0371, 4: 0.075}",Weekly
USDNOK,EUROSTOXX50,FX_G10,Indices,Inter,3,0.01076,3.7627,True,"{1: 0.0851, 2: 0.0226, 3: 0.0108, 4: 0.0275}",Weekly
RX_BUND,NASDAQ100,Bonds,Indices,Inter,2,0.010868,4.5583,True,"{1: 0.0515, 2: 0.0109, 3: 0.0134, 4: 0.0228}",Weekly
G_GILT,USDCHF,Bonds,FX_G10,Inter,2,0.010906,4.5547,True,"{1: 0.0381, 2: 0.0109, 3: 0.0204, 4: 0.034}",Weekly
BRENT_CRUDE,USDNOK,Commodites,FX_G10,Inter,2,0.010921,4.5533,True,"{1: 0.1179, 2: 0.0109, 3: 0.0297, 4: 0.0173}",Weekly
OAT_FRANCE,SP500,Bonds,Indices,Inter,1,0.01093,6.5193,True,"{1: 0.0109, 2: 0.0314, 3: 0.0707, 4: 0.1018}",Weekly
DOWJONES,EUROSTOXX50,Indices,Indices,Intra,2,0.011437,4.5064,True,"{1: 0.0918, 2: 0.0114, 3: 0.0181, 4: 0.0436}",Weekly
WTI_CRUDE,OAT_FRANCE,Commodites,Bonds,Inter,1,0.011652,6.4044,True,"{1: 0.0117, 2: 0.0401, 3: 0.0855, 4: 0.133}",Weekly
GOLD,NIKKEI225,Commodites,Indices,Inter,4,0.011738,3.2584,True,"{1: 0.1353, 2: 0.1831, 3: 0.0602, 4: 0.0117}",Weekly
GOLD,USDCHF,Commodites,FX_G10,Inter,1,0.011765,6.387,True,"{1: 0.0118, 2: 0.063, 3: 0.0583, 4: 0.024}",Weekly
TY_US10Y,SILVER,Bonds,Commodites,Inter,1,0.011941,6.3605,True,"{1: 0.0119, 2: 0.0341, 3: 0.083, 4: 0.0581}",Weekly
RX_BUND,NZDUSD,Bonds,FX_G10,Inter,1,0.012031,6.347,True,"{1: 0.012, 2: 0.0199, 3: 0.0228, 4: 0.0306}",Weekly
VIX,NAT_GAS,Indices,Commodites,Inter,1,0.012046,6.3447,True,"{1: 0.012, 2: 0.0339, 3: 0.0226, 4: 0.021}",Weekly
GOLD,DOWJONES,Commodites,Indices,Inter,4,0.012125,3.2393,True,"{1: 0.4638, 2: 0.7028, 3: 0.0128, 4: 0.0121}",Weekly
CAC40,RX_BUND,Indices,Bonds,Inter,1,0.012379,6.2958,True,"{1: 0.0124, 2: 0.0397, 3: 0.0502, 4: 0.0788}",Weekly
FTSE100,PLATINUM,Indices,Commodites,Inter,1,0.012437,6.2874,True,"{1: 0.0124, 2: 0.0451, 3: 0.0371, 4: 0.0347}",Weekly
TY_US10Y,NASDAQ100,Bonds,Indices,Inter,1,0.012608,6.263,True,"{1: 0.0126, 2: 0.0304, 3: 0.0395, 4: 0.0727}",Weekly
FTSE100,EURUSD,Indices,FX_G10,Inter,4,0.01265,3.2143,True,"{1: 0.3841, 2: 0.7131, 3: 0.0763, 4: 0.0126}",Weekly
GBPJPY,LEAD,FX_G10,Commodites,Inter,3,0.012712,3.6399,True,"{1: 0.7777, 2: 0.8857, 3: 0.0127, 4: 0.0202}",Weekly
G_GILT,GBPJPY,Bonds,FX_G10,Inter,1,0.012777,6.2391,True,"{1: 0.0128, 2: 0.0451, 3: 0.0922, 4: 0.0883}",Weekly
SP500,AUDUSD,Indices,FX_G10,Inter,2,0.012842,4.3887,True,"{1: 0.0312, 2: 0.0128, 3: 0.0244, 4: 0.0191}",Weekly
TY_US10Y,EURGBP,Bonds,FX_G10,Inter,1,0.012908,6.2209,True,"{1: 0.0129, 2: 0.018, 3: 0.0227, 4: 0.0347}",Weekly
CAC40,USDCAD,Indices,FX_G10,Inter,1,0.013282,6.1697,True,"{1: 0.0133, 2: 0.0414, 3: 0.0369, 4: 0.0292}",Weekly
BRENT_CRUDE,ASX200,Commodites,Indices,Inter,1,0.013286,6.1691,True,"{1: 0.0133, 2: 0.0659, 3: 0.192, 4: 0.2766}",Weekly
USDCHF,EURUSD,FX_G10,FX_G10,Intra,1,0.013506,6.1399,True,"{1: 0.0135, 2: 0.0409, 3: 0.8211, 4: 0.9103}",Weekly
CAC40,NASDAQ100,Indices,Indices,Intra,1,0.013655,6.1202,True,"{1: 0.0137, 2: 0.0469, 3: 0.104, 4: 0.1478}",Weekly
NIKKEI225,GBPUSD,Indices,FX_G10,Inter,1,0.01385,6.0949,True,"{1: 0.0139, 2: 0.0354, 3: 0.0933, 4: 0.0302}",Weekly
DAX,RX_BUND,Indices,Bonds,Inter,1,0.013876,6.0916,True,"{1: 0.0139, 2: 0.0467, 3: 0.0323, 4: 0.0583}",Weekly
RUSSELL2000,GBPUSD,Indices,FX_G10,Inter,1,0.013888,6.0901,True,"{1: 0.0139, 2: 0.05, 3: 0.0608, 4: 0.023}",Weekly
G_GILT,EURUSD,Bonds,FX_G10,Inter,3,0.014197,3.5584,True,"{1: 0.1153, 2: 0.0242, 3: 0.0142, 4: 0.0292}",Weekly
SILVER,ASX200,Commodites,Indices,Inter,1,0.014224,6.0474,True,"{1: 0.0142, 2: 0.0193, 3: 0.0432, 4: 0.0837}",Weekly
RUSSELL2000,AUDUSD,Indices,FX_G10,Inter,1,0.014237,6.0456,True,"{1: 0.0142, 2: 0.0197, 3: 0.0543, 4: 0.0394}",Weekly
WTI_CRUDE,ASX200,Commodites,Indices,Inter,1,0.01442,6.0229,True,"{1: 0.0144, 2: 0.0597, 3: 0.2754, 4: 0.3885}",Weekly
SP500,EUROSTOXX50,Indices,Indices,Intra,2,0.014471,4.2675,True,"{1: 0.1811, 2: 0.0145, 3: 0.0239, 4: 0.0659}",Weekly
AUDUSD,EURUSD,FX_G10,FX_G10,Intra,1,0.014507,6.0121,True,"{1: 0.0145, 2: 0.0438, 3: 0.065, 4: 0.0306}",Weekly
EURJPY,LEAD,FX_G10,Commodites,Inter,4,0.014826,3.1203,True,"{1: 0.5459, 2: 0.3921, 3: 0.0608, 4: 0.0148}",Weekly
PLATINUM,DAX,Commodites,Indices,Inter,2,0.015157,4.2204,True,"{1: 0.1245, 2: 0.0152, 3: 0.0309, 4: 0.0388}",Weekly
SP500,GBPUSD,Indices,FX_G10,Inter,4,0.015326,3.1007,True,"{1: 0.0996, 2: 0.1469, 3: 0.045, 4: 0.0153}",Weekly
RX_BUND,ASX200,Bonds,Indices,Inter,1,0.015699,5.8714,True,"{1: 0.0157, 2: 0.0477, 3: 0.0821, 4: 0.1526}",Weekly
EUROSTOXX50,NZDUSD,Indices,FX_G10,Inter,1,0.016082,5.8286,True,"{1: 0.0161, 2: 0.0579, 3: 0.0551, 4: 0.0376}",Weekly
AUDJPY,TY_US10Y,FX_G10,Bonds,Inter,3,0.016101,3.4655,True,"{1: 0.1401, 2: 0.0293, 3: 0.0161, 4: 0.0268}",Weekly
RUSSELL2000,DOWJONES,Indices,Indices,Intra,1,0.016151,5.821,True,"{1: 0.0162, 2: 0.0537, 3: 0.02, 4: 0.043}",Weekly
HANGSENG,GBPUSD,Indices,FX_G10,Inter,1,0.016252,5.8099,True,"{1: 0.0163, 2: 0.045, 3: 0.0294, 4: 0.0334}",Weekly
OAT_FRANCE,WTI_CRUDE,Bonds,Commodites,Inter,1,0.016264,5.8087,True,"{1: 0.0163, 2: 0.0705, 3: 0.1073, 4: 0.2111}",Weekly
NZDUSD,EURUSD,FX_G10,FX_G10,Intra,1,0.016616,5.7706,True,"{1: 0.0166, 2: 0.0477, 3: 0.1089, 4: 0.0847}",Weekly
BRENT_CRUDE,EURCHF,Commodites,FX_G10,Inter,1,0.016816,5.7494,True,"{1: 0.0168, 2: 0.1162, 3: 0.2171, 4: 0.5361}",Weekly
VIX,EURJPY,Indices,FX_G10,Inter,1,0.01735,5.6939,True,"{1: 0.0174, 2: 0.0183, 3: 0.036, 4: 0.0616}",Weekly
NAT_GAS,VIX,Commodites,Indices,Inter,3,0.017495,3.4041,True,"{1: 0.0924, 2: 0.0278, 3: 0.0175, 4: 0.0365}",Weekly
SILVER,GBPUSD,Commodites,FX_G10,Inter,1,0.017622,5.6663,True,"{1: 0.0176, 2: 0.0545, 3: 0.0296, 4: 0.0236}",Weekly
GBPJPY,EURGBP,FX_G10,FX_G10,Intra,3,0.01769,3.3959,True,"{1: 0.125, 2: 0.0566, 3: 0.0177, 4: 0.0291}",Weekly
NASDAQ100,EURGBP,Indices,FX_G10,Inter,2,0.018004,4.0458,True,"{1: 0.024, 2: 0.018, 3: 0.0287, 4: 0.044}",Weekly
TY_US10Y,SP500,Bonds,Indices,Inter,1,0.018047,5.6241,True,"{1: 0.018, 2: 0.0483, 3: 0.068, 4: 0.122}",Weekly
EURCHF,EURUSD,FX_G10,FX_G10,Intra,1,0.018956,5.5372,True,"{1: 0.019, 2: 0.0534, 3: 0.8594, 4: 0.9349}",Weekly
VIX,USDCAD,Indices,FX_G10,Inter,1,0.018971,5.5358,True,"{1: 0.019, 2: 0.024, 3: 0.0243, 4: 0.0306}",Weekly
AUDUSD,GOLD,FX_G10,Commodites,Inter,3,0.019028,3.3419,True,"{1: 0.0759, 2: 0.0349, 3: 0.019, 4: 0.0553}",Weekly
EURCHF,NZDUSD,FX_G10,FX_G10,Intra,2,0.019034,3.9894,True,"{1: 0.0256, 2: 0.019, 3: 0.4699, 4: 0.9414}",Weekly
DAX,USDCAD,Indices,FX_G10,Inter,1,0.019067,5.5269,True,"{1: 0.0191, 2: 0.0589, 3: 0.0464, 4: 0.0369}",Weekly
NAT_GAS,ASX200,Commodites,Indices,Inter,3,0.019712,3.3158,True,"{1: 0.1304, 2: 0.0278, 3: 0.0197, 4: 0.0413}",Weekly
EURGBP,TY_US10Y,FX_G10,Bonds,Inter,1,0.019743,5.4653,True,"{1: 0.0197, 2: 0.0751, 3: 0.0884, 4: 0.163}",Weekly
BRENT_CRUDE,AUDJPY,Commodites,FX_G10,Inter,2,0.019987,3.9398,True,"{1: 0.1233, 2: 0.02, 3: 0.0486, 4: 0.0939}",Weekly
EURJPY,EURGBP,FX_G10,FX_G10,Intra,3,0.020101,3.3013,True,"{1: 0.1502, 2: 0.0648, 3: 0.0201, 4: 0.0324}",Weekly
EUROSTOXX50,NAT_GAS,Indices,Commodites,Inter,1,0.020205,5.4246,True,"{1: 0.0202, 2: 0.0796, 3: 0.1464, 4: 0.1067}",Weekly
G_GILT,NZDUSD,Bonds,FX_G10,Inter,1,0.020672,5.3842,True,"{1: 0.0207, 2: 0.0426, 3: 0.0573, 4: 0.0778}",Weekly
COPPER,WTI_CRUDE,Commodites,Commodites,Intra,4,0.020734,2.9207,True,"{1: 0.6873, 2: 0.2727, 3: 0.0354, 4: 0.0207}",Weekly
OAT_FRANCE,NASDAQ100,Bonds,Indices,Inter,1,0.02099,5.3573,True,"{1: 0.021, 2: 0.0311, 3: 0.0588, 4: 0.0984}",Weekly
HANGSENG,EUROSTOXX50,Indices,Indices,Intra,1,0.021037,5.3535,True,"{1: 0.021, 2: 0.0369, 3: 0.0949, 4: 0.1144}",Weekly
GBPUSD,WTI_CRUDE,FX_G10,Commodites,Inter,4,0.02113,2.9094,True,"{1: 0.6155, 2: 0.1036, 3: 0.0379, 4: 0.0211}",Weekly
FTSE100,USDCHF,Indices,FX_G10,Inter,4,0.021276,2.9053,True,"{1: 0.5556, 2: 0.4668, 3: 0.0358, 4: 0.0213}",Weekly
RUSSELL2000,AUDJPY,Indices,FX_G10,Inter,1,0.021331,5.329,True,"{1: 0.0213, 2: 0.0222, 3: 0.0299, 4: 0.0549}",Weekly
GOLD,RUSSELL2000,Commodites,Indices,Inter,4,0.02154,2.8979,True,"{1: 0.9587, 2: 0.9341, 3: 0.0654, 4: 0.0215}",Weekly
AUDUSD,USDCHF,FX_G10,FX_G10,Intra,3,0.021716,3.244,True,"{1: 0.6525, 2: 0.0385, 3: 0.0217, 4: 0.1932}",Weekly
ZINC,NASDAQ100,Commodites,Indices,Inter,1,0.021987,5.2758,True,"{1: 0.022, 2: 0.0619, 3: 0.1402, 4: 0.2318}",Weekly
WTI_CRUDE,AUDJPY,Commodites,FX_G10,Inter,2,0.022018,3.8418,True,"{1: 0.0456, 2: 0.022, 3: 0.053, 4: 0.1178}",Weekly
NIKKEI225,DAX,Indices,Indices,Intra,1,0.022079,5.2684,True,"{1: 0.0221, 2: 0.0398, 3: 0.0795, 4: 0.0901}",Weekly
GOLD,BRENT_CRUDE,Commodites,Commodites,Intra,2,0.02209,3.8384,True,"{1: 0.1761, 2: 0.0221, 3: 0.0379, 4: 0.0617}",Weekly
GBPUSD,USDCAD,FX_G10,FX_G10,Intra,1,0.022326,5.2488,True,"{1: 0.0223, 2: 0.0469, 3: 0.1068, 4: 0.131}",Weekly
EURCHF,COPPER,FX_G10,Commodites,Inter,1,0.022463,5.2381,True,"{1: 0.0225, 2: 0.0619, 3: 0.3116, 4: 0.2222}",Weekly
NASDAQ100,BRENT_CRUDE,Indices,Commodites,Inter,1,0.022574,5.2294,True,"{1: 0.0226, 2: 0.0768, 3: 0.1311, 4: 0.2223}",Weekly
PLATINUM,RUSSELL2000,Commodites,Indices,Inter,3,0.022832,3.2068,True,"{1: 0.3278, 2: 0.1744, 3: 0.0228, 4: 0.0266}",Weekly
DAX,VIX,Indices,Indices,Intra,3,0.023327,3.1908,True,"{1: 0.2824, 2: 0.1571, 3: 0.0233, 4: 0.0422}",Weekly
FTSE100,ZINC,Indices,Commodites,Inter,1,0.023621,5.1499,True,"{1: 0.0236, 2: 0.036, 3: 0.0799, 4: 0.1504}",Weekly
NASDAQ100,USDJPY,Indices,FX_G10,Inter,3,0.023865,3.1739,True,"{1: 0.1055, 2: 0.215, 3: 0.0239, 4: 0.0335}",Weekly
G_GILT,SILVER,Bonds,Commodites,Inter,1,0.024029,5.1199,True,"{1: 0.024, 2: 0.0655, 3: 0.1545, 4: 0.2194}",Weekly
BRENT_CRUDE,EURJPY,Commodites,FX_G10,Inter,2,0.024048,3.7524,True,"{1: 0.576, 2: 0.024, 3: 0.0661, 4: 0.0703}",Weekly
RUSSELL2000,VIX,Indices,Indices,Intra,3,0.024727,3.1475,True,"{1: 0.769, 2: 0.6527, 3: 0.0247, 4: 0.0388}",Weekly
NASDAQ100,CAC40,Indices,Indices,Intra,2,0.024882,3.7178,True,"{1: 0.4462, 2: 0.0249, 3: 0.0517, 4: 0.1058}",Weekly
DOWJONES,GBPUSD,Indices,FX_G10,Inter,4,0.025578,2.7949,True,"{1: 0.0912, 2: 0.1727, 3: 0.0531, 4: 0.0256}",Weekly
USDNOK,AUDJPY,FX_G10,FX_G10,Intra,1,0.025661,5.005,True,"{1: 0.0257, 2: 0.0439, 3: 0.0715, 4: 0.1715}",Weekly
HANGSENG,DAX,Indices,Indices,Intra,1,0.025774,4.9973,True,"{1: 0.0258, 2: 0.0467, 3: 0.1257, 4: 0.1018}",Weekly
NIKKEI225,CAC40,Indices,Indices,Intra,1,0.025774,4.9973,True,"{1: 0.0258, 2: 0.066, 3: 0.1615, 4: 0.1938}",Weekly
RX_BUND,USDSEK,Bonds,FX_G10,Inter,3,0.025783,3.1164,True,"{1: 0.6062, 2: 0.0456, 3: 0.0258, 4: 0.0439}",Weekly
FTSE100,RX_BUND,Indices,Bonds,Inter,3,0.025884,3.1135,True,"{1: 0.0376, 2: 0.0429, 3: 0.0259, 4: 0.039}",Weekly
ZINC,EURJPY,Commodites,FX_G10,Inter,2,0.026223,3.6647,True,"{1: 0.0285, 2: 0.0262, 3: 0.0588, 4: 0.1579}",Weekly
ASX200,GOLD,Indices,Commodites,Inter,1,0.026361,4.958,True,"{1: 0.0264, 2: 0.0883, 3: 0.0653, 4: 0.085}",Weekly
GOLD,SP500,Commodites,Indices,Inter,3,0.026419,3.0983,True,"{1: 0.3407, 2: 0.5548, 3: 0.0264, 4: 0.0339}",Weekly
WTI_CRUDE,USDCAD,Commodites,FX_G10,Inter,1,0.026489,4.9496,True,"{1: 0.0265, 2: 0.1216, 3: 0.1744, 4: 0.2628}",Weekly
BRENT_CRUDE,GOLD,Commodites,Commodites,Intra,4,0.026678,2.7696,True,"{1: 0.0326, 2: 0.0832, 3: 0.1681, 4: 0.0267}",Weekly
NAT_GAS,WTI_CRUDE,Commodites,Commodites,Intra,1,0.027293,4.8974,True,"{1: 0.0273, 2: 0.092, 3: 0.1455, 4: 0.2485}",Weekly
OAT_FRANCE,EURJPY,Bonds,FX_G10,Inter,1,0.027365,4.8928,True,"{1: 0.0274, 2: 0.0407, 3: 0.0929, 4: 0.1717}",Weekly
DAX,NZDUSD,Indices,FX_G10,Inter,1,0.027654,4.8745,True,"{1: 0.0277, 2: 0.0891, 3: 0.0649, 4: 0.0485}",Weekly
NASDAQ100,WTI_CRUDE,Indices,Commodites,Inter,1,0.027935,4.8569,True,"{1: 0.0279, 2: 0.0799, 3: 0.1963, 4: 0.0786}",Weekly
NASDAQ100,DAX,Indices,Indices,Intra,2,0.027984,3.5988,True,"{1: 0.2302, 2: 0.028, 3: 0.0553, 4: 0.0712}",Weekly
USDJPY,HANGSENG,FX_G10,Indices,Inter,3,0.028001,3.055,True,"{1: 0.132, 2: 0.0523, 3: 0.028, 4: 0.0379}",Weekly
EUROSTOXX50,LEAD,Indices,Commodites,Inter,1,0.028238,4.8381,True,"{1: 0.0282, 2: 0.0969, 3: 0.1862, 4: 0.0923}",Weekly
RX_BUND,EURGBP,Bonds,FX_G10,Inter,1,0.028275,4.8359,True,"{1: 0.0283, 2: 0.0671, 3: 0.1133, 4: 0.1972}",Weekly
ZINC,DAX,Commodites,Indices,Inter,1,0.028382,4.8293,True,"{1: 0.0284, 2: 0.0578, 3: 0.1259, 4: 0.1462}",Weekly
WTI_CRUDE,RX_BUND,Commodites,Bonds,Inter,1,0.028644,4.8133,True,"{1: 0.0286, 2: 0.0929, 3: 0.1787, 4: 0.2414}",Weekly
G_GILT,HANGSENG,Bonds,Indices,Inter,3,0.02887,3.0322,True,"{1: 0.2389, 2: 0.0368, 3: 0.0289, 4: 0.0477}",Weekly
DOWJONES,AUDJPY,Indices,FX_G10,Inter,2,0.029071,3.5602,True,"{1: 0.0656, 2: 0.0291, 3: 0.0507, 4: 0.0835}",Weekly
OAT_FRANCE,DOWJONES,Bonds,Indices,Inter,1,0.02939,4.7687,True,"{1: 0.0294, 2: 0.0923, 3: 0.1879, 4: 0.2263}",Weekly
G_GILT,ZINC,Bonds,Commodites,Inter,2,0.02954,3.544,True,"{1: 0.0431, 2: 0.0295, 3: 0.077, 4: 0.1208}",Weekly
GBPUSD,AUDUSD,FX_G10,FX_G10,Intra,1,0.029751,4.7475,True,"{1: 0.0298, 2: 0.1107, 3: 0.157, 4: 0.182}",Weekly
EURCHF,LEAD,FX_G10,Commodites,Inter,3,0.029854,3.0072,True,"{1: 0.3954, 2: 0.6687, 3: 0.0299, 4: 0.058}",Weekly
EURCHF,GBPUSD,FX_G10,FX_G10,Intra,1,0.030119,4.7261,True,"{1: 0.0301, 2: 0.0842, 3: 0.1737, 4: 0.2076}",Weekly
EURJPY,ASX200,FX_G10,Indices,Inter,3,0.030434,2.9928,True,"{1: 0.3781, 2: 0.3365, 3: 0.0304, 4: 0.0554}",Weekly
VIX,SP500,Indices,Indices,Intra,4,0.031141,2.6764,True,"{1: 0.0343, 2: 0.0866, 3: 0.0668, 4: 0.0311}",Weekly
TY_US10Y,GOLD,Bonds,Commodites,Inter,1,0.031662,4.6396,True,"{1: 0.0317, 2: 0.1188, 3: 0.1781, 4: 0.1115}",Weekly
BRENT_CRUDE,USDJPY,Commodites,FX_G10,Inter,4,0.032373,2.6529,True,"{1: 0.8796, 2: 0.0763, 3: 0.0653, 4: 0.0324}",Weekly
SILVER,NZDUSD,Commodites,FX_G10,Inter,2,0.032513,3.4469,True,"{1: 0.0379, 2: 0.0325, 3: 0.0366, 4: 0.0612}",Weekly
HANGSENG,NZDUSD,Indices,FX_G10,Inter,2,0.03255,3.4458,True,"{1: 0.1508, 2: 0.0326, 3: 0.0715, 4: 0.1032}",Weekly
NASDAQ100,AUDUSD,Indices,FX_G10,Inter,2,0.032832,3.437,True,"{1: 0.0368, 2: 0.0328, 3: 0.0562, 4: 0.0534}",Weekly
COPPER,ZINC,Commodites,Commodites,Intra,4,0.03287,2.6437,True,"{1: 0.1391, 2: 0.1073, 3: 0.0407, 4: 0.0329}",Weekly
DOWJONES,HANGSENG,Indices,Indices,Intra,2,0.033072,3.4297,True,"{1: 0.4079, 2: 0.0331, 3: 0.0709, 4: 0.1288}",Weekly
DOWJONES,NIKKEI225,Indices,Indices,Intra,2,0.03309,3.4291,True,"{1: 0.9545, 2: 0.0331, 3: 0.0712, 4: 0.0891}",Weekly
HANGSENG,AUDJPY,Indices,FX_G10,Inter,2,0.033094,3.429,True,"{1: 0.1085, 2: 0.0331, 3: 0.0796, 4: 0.1293}",Weekly
TY_US10Y,DOWJONES,Bonds,Indices,Inter,1,0.033569,4.5385,True,"{1: 0.0336, 2: 0.0472, 3: 0.082, 4: 0.1396}",Weekly
SP500,HANGSENG,Indices,Indices,Intra,2,0.034207,3.3955,True,"{1: 0.2799, 2: 0.0342, 3: 0.0465, 4: 0.0849}",Weekly
USDJPY,NIKKEI225,FX_G10,Indices,Inter,2,0.034243,3.3945,True,"{1: 0.0412, 2: 0.0342, 3: 0.0608, 4: 0.1157}",Weekly
NZDUSD,EURCHF,FX_G10,FX_G10,Intra,3,0.034532,2.8985,True,"{1: 0.0564, 2: 0.0562, 3: 0.0345, 4: 0.1628}",Weekly
EURUSD,GOLD,FX_G10,Commodites,Inter,4,0.034868,2.6079,True,"{1: 0.4326, 2: 0.1953, 3: 0.2454, 4: 0.0349}",Weekly
SILVER,WTI_CRUDE,Commodites,Commodites,Intra,2,0.035389,3.3611,True,"{1: 0.1258, 2: 0.0354, 3: 0.0373, 4: 0.0459}",Weekly
OAT_FRANCE,EURUSD,Bonds,FX_G10,Inter,2,0.035769,3.3503,True,"{1: 0.3151, 2: 0.0358, 3: 0.0441, 4: 0.0631}",Weekly
DOWJONES,SILVER,Indices,Commodites,Inter,1,0.035811,4.4271,True,"{1: 0.0358, 2: 0.0648, 3: 0.1624, 4: 0.3028}",Weekly
EURCHF,G_GILT,FX_G10,Bonds,Inter,3,0.035818,2.8712,True,"{1: 0.6497, 2: 0.7482, 3: 0.0358, 4: 0.0876}",Weekly
ZINC,RUSSELL2000,Commodites,Indices,Inter,1,0.035947,4.4206,True,"{1: 0.0359, 2: 0.0728, 3: 0.1367, 4: 0.1885}",Weekly
DAX,ZINC,Indices,Commodites,Inter,1,0.036035,4.4163,True,"{1: 0.036, 2: 0.1293, 3: 0.1689, 4: 0.2251}",Weekly
USDNOK,SILVER,FX_G10,Commodites,Inter,1,0.036053,4.4155,True,"{1: 0.0361, 2: 0.0788, 3: 0.0519, 4: 0.1124}",Weekly
G_GILT,SP500,Bonds,Indices,Inter,1,0.036156,4.4106,True,"{1: 0.0362, 2: 0.1085, 3: 0.1606, 4: 0.1976}",Weekly
ZINC,GBPUSD,Commodites,FX_G10,Inter,4,0.036467,2.5807,True,"{1: 0.5432, 2: 0.1316, 3: 0.1441, 4: 0.0365}",Weekly
NASDAQ100,EUROSTOXX50,Indices,Indices,Intra,2,0.036758,3.3227,True,"{1: 0.4146, 2: 0.0368, 3: 0.0634, 4: 0.1261}",Weekly
EURJPY,HANGSENG,FX_G10,Indices,Inter,2,0.036772,3.3224,True,"{1: 0.0892, 2: 0.0368, 3: 0.0829, 4: 0.0846}",Weekly
VIX,DOWJONES,Indices,Indices,Intra,4,0.036986,2.5721,True,"{1: 0.0627, 2: 0.1375, 3: 0.0422, 4: 0.037}",Weekly
CAC40,NZDUSD,Indices,FX_G10,Inter,1,0.037317,4.3563,True,"{1: 0.0373, 2: 0.1111, 3: 0.1157, 4: 0.093}",Weekly
CAC40,LEAD,Indices,Commodites,Inter,1,0.037764,4.3358,True,"{1: 0.0378, 2: 0.1247, 3: 0.2228, 4: 0.1269}",Weekly
BRENT_CRUDE,OAT_FRANCE,Commodites,Bonds,Inter,1,0.037845,4.3322,True,"{1: 0.0378, 2: 0.134, 3: 0.2103, 4: 0.241}",Weekly
SILVER,GOLD,Commodites,Commodites,Intra,1,0.038042,4.3233,True,"{1: 0.038, 2: 0.0647, 3: 0.0553, 4: 0.1003}",Weekly
VIX,LEAD,Indices,Commodites,Inter,2,0.038415,3.2782,True,"{1: 0.0452, 2: 0.0384, 3: 0.0609, 4: 0.0386}",Weekly
G_GILT,EURGBP,Bonds,FX_G10,Inter,1,0.03853,4.3014,True,"{1: 0.0385, 2: 0.0545, 3: 0.1114, 4: 0.1734}",Weekly
NASDAQ100,NAT_GAS,Indices,Commodites,Inter,1,0.038609,4.2979,True,"{1: 0.0386, 2: 0.1265, 3: 0.214, 4: 0.2252}",Weekly
NASDAQ100,HANGSENG,Indices,Indices,Intra,2,0.03902,3.2623,True,"{1: 0.2272, 2: 0.039, 3: 0.041, 4: 0.0474}",Weekly
FTSE100,USDJPY,Indices,FX_G10,Inter,4,0.039471,2.5325,True,"{1: 0.1037, 2: 0.1972, 3: 0.0696, 4: 0.0395}",Weekly
ASX200,NIKKEI225,Indices,Indices,Intra,2,0.040193,3.2324,True,"{1: 0.4259, 2: 0.0402, 3: 0.0447, 4: 0.0734}",Weekly
RUSSELL2000,HANGSENG,Indices,Indices,Intra,3,0.040307,2.7827,True,"{1: 0.0917, 2: 0.071, 3: 0.0403, 4: 0.0871}",Weekly
USDCHF,EURCHF,FX_G10,FX_G10,Intra,2,0.041048,3.2111,True,"{1: 0.8232, 2: 0.041, 3: 0.1338, 4: 0.1041}",Weekly
GBPUSD,EURUSD,FX_G10,FX_G10,Intra,1,0.041118,4.1902,True,"{1: 0.0411, 2: 0.1008, 3: 0.2232, 4: 0.3386}",Weekly
NAT_GAS,PLATINUM,Commodites,Commodites,Intra,1,0.041434,4.1771,True,"{1: 0.0414, 2: 0.1391, 3: 0.182, 4: 0.2375}",Weekly
ZINC,EUROSTOXX50,Commodites,Indices,Inter,1,0.041943,4.1562,True,"{1: 0.0419, 2: 0.0928, 3: 0.1977, 4: 0.1934}",Weekly
RX_BUND,SP500,Bonds,Indices,Inter,1,0.042065,4.1513,True,"{1: 0.0421, 2: 0.0542, 3: 0.0756, 4: 0.104}",Weekly
GOLD,ASX200,Commodites,Indices,Inter,1,0.042115,4.1493,True,"{1: 0.0421, 2: 0.072, 3: 0.0797, 4: 0.1257}",Weekly
CAC40,USDJPY,Indices,FX_G10,Inter,3,0.042241,2.7476,True,"{1: 0.9661, 2: 0.8078, 3: 0.0422, 4: 0.0536}",Weekly
RUSSELL2000,GBPJPY,Indices,FX_G10,Inter,1,0.042395,4.138,True,"{1: 0.0424, 2: 0.1225, 3: 0.203, 4: 0.3335}",Weekly
RX_BUND,ZINC,Bonds,Commodites,Inter,2,0.042439,3.1774,True,"{1: 0.0613, 2: 0.0424, 3: 0.1367, 4: 0.1716}",Weekly
G_GILT,NASDAQ100,Bonds,Indices,Inter,1,0.042835,4.1204,True,"{1: 0.0428, 2: 0.0751, 3: 0.0846, 4: 0.0779}",Weekly
DOWJONES,AUDUSD,Indices,FX_G10,Inter,2,0.043284,3.1575,True,"{1: 0.0899, 2: 0.0433, 3: 0.0487, 4: 0.0464}",Weekly
AUDJPY,OAT_FRANCE,FX_G10,Bonds,Inter,2,0.043447,3.1537,True,"{1: 0.752, 2: 0.0434, 3: 0.098, 4: 0.1846}",Weekly
CAC40,NAT_GAS,Indices,Commodites,Inter,1,0.044021,4.0738,True,"{1: 0.044, 2: 0.1462, 3: 0.2407, 4: 0.1834}",Weekly
PLATINUM,CAC40,Commodites,Indices,Inter,2,0.045021,3.1177,True,"{1: 0.0994, 2: 0.045, 3: 0.0589, 4: 0.0857}",Weekly
OAT_FRANCE,USDSEK,Bonds,FX_G10,Inter,2,0.045135,3.1151,True,"{1: 0.183, 2: 0.0451, 3: 0.0702, 4: 0.0993}",Weekly
USDNOK,NASDAQ100,FX_G10,Indices,Inter,2,0.045167,3.1144,True,"{1: 0.0573, 2: 0.0452, 3: 0.0904, 4: 0.1892}",Weekly
OAT_FRANCE,GBPJPY,Bonds,FX_G10,Inter,1,0.045665,4.0115,True,"{1: 0.0457, 2: 0.1111, 3: 0.1972, 4: 0.3072}",Weekly
USDNOK,EURJPY,FX_G10,FX_G10,Intra,1,0.046187,3.9922,True,"{1: 0.0462, 2: 0.18, 3: 0.2367, 4: 0.395}",Weekly
EUROSTOXX50,USDJPY,Indices,FX_G10,Inter,3,0.04627,2.6791,True,"{1: 0.9214, 2: 0.8848, 3: 0.0463, 4: 0.064}",Weekly
DAX,USDJPY,Indices,FX_G10,Inter,4,0.046509,2.4323,True,"{1: 0.7744, 2: 0.8189, 3: 0.0476, 4: 0.0465}",Weekly
GOLD,WTI_CRUDE,Commodites,Commodites,Intra,2,0.047109,3.0718,True,"{1: 0.5988, 2: 0.0471, 3: 0.1107, 4: 0.1469}",Weekly
GBPJPY,HANGSENG,FX_G10,Indices,Inter,2,0.047195,3.07,True,"{1: 0.1397, 2: 0.0472, 3: 0.1183, 4: 0.1717}",Weekly
EURJPY,OAT_FRANCE,FX_G10,Bonds,Inter,2,0.047596,3.0615,True,"{1: 0.1581, 2: 0.0476, 3: 0.1095, 4: 0.073}",Weekly
WTI_CRUDE,EURCHF,Commodites,FX_G10,Inter,1,0.047632,3.9399,True,"{1: 0.0476, 2: 0.0985, 3: 0.1729, 4: 0.4209}",Weekly
NZDUSD,BRENT_CRUDE,FX_G10,Commodites,Inter,2,0.048233,3.048,True,"{1: 0.211, 2: 0.0482, 3: 0.1105, 4: 0.1561}",Weekly
AUDUSD,NAT_GAS,FX_G10,Commodites,Inter,1,0.048253,3.918,True,"{1: 0.0483, 2: 0.1402, 3: 0.1212, 4: 0.2285}",Weekly
WTI_CRUDE,USDJPY,Commodites,FX_G10,Inter,4,0.048265,2.4095,True,"{1: 0.417, 2: 0.0948, 3: 0.0731, 4: 0.0483}",Weekly
GOLD,ZINC,Commodites,Commodites,Intra,1,0.048363,3.9142,True,"{1: 0.0484, 2: 0.1121, 3: 0.1521, 4: 0.2557}",Weekly
OAT_FRANCE,ZINC,Bonds,Commodites,Inter,1,0.048634,3.9047,True,"{1: 0.0486, 2: 0.0679, 3: 0.1616, 4: 0.1661}",Weekly
NZDUSD,ASX200,FX_G10,Indices,Inter,1,0.048637,3.9046,True,"{1: 0.0486, 2: 0.1523, 3: 0.2706, 4: 0.1912}",Weekly
BRENT_CRUDE,TY_US10Y,Commodites,Bonds,Inter,4,0.048847,2.4022,True,"{1: 0.0611, 2: 0.0936, 3: 0.1013, 4: 0.0488}",Weekly
EUROSTOXX50,ZINC,Indices,Commodites,Inter,1,0.048898,3.8955,True,"{1: 0.0489, 2: 0.1523, 3: 0.2233, 4: 0.2365}",Weekly
EURGBP,EURUSD,FX_G10,FX_G10,Intra,1,0.049863,3.8625,True,"{1: 0.0499, 2: 0.1246, 3: 0.2774, 4: 0.4085}",Weekly
BRENT_CRUDE,AUDUSD,Commodites,FX_G10,Inter,1,0.049943,3.8598,True,"{1: 0.0499, 2: 0.0989, 3: 0.2169, 4: 0.2859}",Weekly
