Leader,Follower,Cat_Leader,Cat_Follower,Best_AbsCorr,Lead_Days,Lag_Gain,Intra_Inter,Lag_Significant,Score_Lag,Granger_Significant,Score_Granger,VAR_Confirmed,Score_VAR,Score_Final,N_Methods,Robustesse
VIX,AUDJPY,Indices,FX_G10,0.4269,1,0.4127,Inter,True,0.826003102220805,True,1.0,True,0.6,0.8191010857772816,3,Forte
SP500,USDCAD,Indices,FX_G10,0.3943,1,0.3864,Inter,True,0.7446036110836016,True,1.0,True,0.6,0.7906112638792604,3,Forte
SP500,AUDJPY,Indices,FX_G10,0.4918,1,0.4742,Inter,True,0.996496347699794,True,1.0,True,0.2,0.758773721694928,3,Forte
TY_US10Y,USDJPY,Bonds,FX_G10,0.4938,1,0.4664,Inter,True,0.9927961183294586,True,1.0,True,0.2,0.7574786414153105,3,Forte
DOWJONES,AUDJPY,Indices,FX_G10,0.4762,1,0.4448,Inter,True,0.9420147982599949,True,1.0,True,0.2,0.7397051793909981,3,Forte
BRENT_CRUDE,USDCAD,Commodites,FX_G10,0.3405,1,0.2729,Inter,True,0.5455297610546753,True,1.0,True,0.6,0.7209354163691364,3,Forte
NASDAQ100,AUDJPY,Indices,FX_G10,0.4432,1,0.4321,Inter,True,0.8724751867278218,True,1.0,True,0.2,0.7153663153547376,3,Forte
SP500,AUDUSD,Indices,FX_G10,0.4051,1,0.3782,Inter,True,0.7559500103703577,True,1.0,True,0.2,0.6745825036296251,3,Forte
RUSSELL2000,AUDJPY,Indices,FX_G10,0.4615,1,0.4404,Inter,True,0.9121992469050202,True,1.0,False,0.0,0.669269736416757,2,Modérée
SP500,NIKKEI225,Indices,Indices,0.4241,1,0.2515,Intra,True,0.6722178268464682,True,1.0,True,0.2,0.6452762393962639,3,Forte
GOLD,USDJPY,Commodites,FX_G10,0.3656,1,0.3121,Inter,True,0.6257046736677421,True,1.0,True,0.2,0.6289966357837098,3,Forte
COPPER,AUDUSD,Commodites,FX_G10,0.3699,1,0.2766,Inter,True,0.600450635190878,True,1.0,True,0.2,0.6201577223168073,3,Forte
DOWJONES,NIKKEI225,Indices,Indices,0.3918,1,0.2092,Intra,True,0.5765666954706427,True,1.0,True,0.2,0.6117983434147249,3,Forte
RUSSELL2000,AUDUSD,Indices,FX_G10,0.3938,1,0.3617,Inter,True,0.7209154151927826,True,1.0,False,0.0,0.6023203953174738,2,Modérée
RUSSELL2000,USDCAD,Indices,FX_G10,0.3879,1,0.3718,Inter,True,0.7199077485240815,True,1.0,False,0.0,0.6019677119834285,2,Modérée
DOWJONES,USDCAD,Indices,FX_G10,0.3875,1,0.3685,Inter,True,0.7161592236396368,True,1.0,False,0.0,0.6006557282738729,2,Modérée
NASDAQ100,AUDUSD,Indices,FX_G10,0.3722,1,0.3704,Inter,True,0.6911110950471424,True,1.0,False,0.0,0.5918888832664998,2,Modérée
NASDAQ100,NIKKEI225,Indices,Indices,0.4147,1,0.2803,Intra,True,0.6823496114380936,True,1.0,False,0.0,0.5888223640033328,2,Modérée
RX_BUND,EURJPY,Bonds,FX_G10,0.3207,1,0.2684,Inter,True,0.5066875457334283,True,1.0,True,0.2,0.5873406410066999,3,Forte
DOWJONES,AUDUSD,Indices,FX_G10,0.3783,1,0.3338,Inter,True,0.6679944095794436,True,1.0,False,0.0,0.5837980433528052,2,Modérée
VIX,NIKKEI225,Indices,Indices,0.3978,1,0.2576,Intra,True,0.6317786370841513,True,1.0,False,0.0,0.5711225229794529,2,Modérée
RUSSELL2000,NIKKEI225,Indices,Indices,0.4022,1,0.2427,Intra,True,0.6257254102295443,True,1.0,False,0.0,0.5690038935803405,2,Modérée
SP500,GBPJPY,Indices,FX_G10,0.3491,1,0.3406,Inter,True,0.6231214298222593,True,1.0,False,0.0,0.5680925004377907,2,Modérée
DOWJONES,GBPJPY,Indices,FX_G10,0.348,1,0.3393,Inter,True,0.619993776029425,True,1.0,False,0.0,0.5669978216102987,2,Modérée
RUSSELL2000,GBPJPY,Indices,FX_G10,0.3303,1,0.3226,Inter,True,0.5735627872064386,True,1.0,False,0.0,0.5507469755222535,2,Modérée
SILVER,AUDUSD,Commodites,FX_G10,0.3521,1,0.2742,Inter,True,0.5670515753777455,True,1.0,False,0.0,0.5484680513822109,2,Modérée
NASDAQ100,USDCAD,Indices,FX_G10,0.3299,1,0.3146,Inter,True,0.5654734634403057,True,1.0,False,0.0,0.547915712204107,2,Modérée
PLATINUM,AUDUSD,Commodites,FX_G10,0.3585,1,0.25,Inter,True,0.5559127578075835,True,1.0,False,0.0,0.5445694652326543,2,Modérée
VIX,USDCAD,Indices,FX_G10,0.3162,1,0.3124,Inter,True,0.5394416002040565,True,1.0,False,0.0,0.5388045600714197,2,Modérée
GOLD,NZDUSD,Commodites,FX_G10,0.33,1,0.2731,Inter,True,0.5273203153704686,True,1.0,False,0.0,0.5345621103796641,2,Modérée
VIX,AUDUSD,Indices,FX_G10,0.312,1,0.304,Inter,True,0.524325912458732,True,1.0,False,0.0,0.5335140693605561,2,Modérée
SP500,NZDUSD,Indices,FX_G10,0.3206,1,0.2837,Inter,True,0.5206430489734286,True,1.0,False,0.0,0.5322250671407,2,Modérée
GOLD,AUDUSD,Commodites,FX_G10,0.3273,1,0.2627,Inter,True,0.5129852163834563,True,1.0,False,0.0,0.5295448257342097,2,Modérée
VIX,ASX200,Indices,Indices,0.3563,1,0.2073,Intra,True,0.5126221235930427,True,1.0,False,0.0,0.5294177432575649,2,Modérée
SILVER,NZDUSD,Commodites,FX_G10,0.3245,1,0.2603,Inter,True,0.5058635287563752,True,1.0,False,0.0,0.5270522350647313,2,Modérée
WTI_CRUDE,USDCAD,Commodites,FX_G10,0.3187,1,0.2693,Inter,True,0.5040151129157533,True,1.0,False,0.0,0.5264052895205136,2,Modérée
RUSSELL2000,NZDUSD,Indices,FX_G10,0.3099,1,0.2767,Inter,True,0.49543350386968676,True,1.0,False,0.0,0.5234017263543903,2,Modérée
TY_US10Y,EURJPY,Bonds,FX_G10,0.2996,1,0.2829,Inter,True,0.48311586852883937,True,1.0,False,0.0,0.5190905539850937,2,Modérée
NASDAQ100,GBPJPY,Indices,FX_G10,0.296,1,0.2891,Inter,True,0.482535459431095,True,1.0,False,0.0,0.5188874108008832,2,Modérée
VIX,GBPJPY,Indices,FX_G10,0.2983,1,0.2841,Inter,True,0.48194678534889074,True,1.0,False,0.0,0.5186813748721117,2,Modérée
NASDAQ100,NZDUSD,Indices,FX_G10,0.2943,1,0.2857,Inter,True,0.4764172048675113,True,1.0,False,0.0,0.5167460217036289,2,Modérée
TY_US10Y,USDCHF,Bonds,FX_G10,0.2955,1,0.2794,Inter,True,0.47270087699247276,True,1.0,False,0.0,0.5154453069473655,2,Modérée
GOLD,USDCHF,Commodites,FX_G10,0.3093,1,0.245,Inter,True,0.4651051058866025,True,1.0,False,0.0,0.5127867870603109,2,Modérée
TY_US10Y,GBPJPY,Bonds,FX_G10,0.2891,1,0.2749,Inter,True,0.45733311415743183,True,1.0,False,0.0,0.5100665899551011,2,Modérée
COPPER,USDCAD,Commodites,FX_G10,0.3079,1,0.236,Inter,True,0.45434038307791963,True,1.0,False,0.0,0.5090191340772718,2,Modérée
EUROSTOXX50,AUDJPY,Indices,FX_G10,0.3409,1,0.1723,Inter,True,0.45331892342690416,True,1.0,False,0.0,0.5086616231994164,2,Modérée
DOWJONES,NZDUSD,Indices,FX_G10,0.2987,1,0.2507,Inter,True,0.4518001359869608,True,1.0,False,0.0,0.5081300475954362,2,Modérée
RUSSELL2000,USDNOK,Indices,FX_G10,0.2854,1,0.2753,Inter,True,0.45122079204359766,True,1.0,False,0.0,0.5079272772152592,2,Modérée
PLATINUM,NZDUSD,Commodites,FX_G10,0.3142,1,0.2196,Inter,True,0.45023026202165944,True,1.0,False,0.0,0.5075805917075807,2,Modérée
PLATINUM,USDSEK,Commodites,FX_G10,0.2925,1,0.2538,Inter,True,0.4438019022635135,True,1.0,False,0.0,0.5053306657922297,2,Modérée
GOLD,USDSEK,Commodites,FX_G10,0.2882,1,0.2587,Inter,True,0.4407945692978963,True,1.0,False,0.0,0.5042780992542637,2,Modérée
COPPER,NZDUSD,Commodites,FX_G10,0.3058,1,0.2247,Inter,True,0.44022516217121754,True,1.0,False,0.0,0.5040788067599261,2,Modérée
CAC40,AUDJPY,Indices,FX_G10,0.3322,1,0.1664,Inter,True,0.43262895960113035,True,1.0,False,0.0,0.5014201358603956,2,Modérée
GOLD,EURUSD,Commodites,FX_G10,0.2917,1,0.2343,Inter,True,0.4243907449257351,True,1.0,False,0.0,0.4985367607240072,2,Modérée
EUROSTOXX50,GBPJPY,Indices,FX_G10,0.3099,1,0.1988,Inter,True,0.42348707134127866,True,1.0,False,0.0,0.4982204749694475,2,Modérée
SILVER,USDSEK,Commodites,FX_G10,0.2825,1,0.2501,Inter,True,0.4228664294879373,True,1.0,False,0.0,0.498003250320778,2,Modérée
WTI_CRUDE,USDNOK,Commodites,FX_G10,0.2874,1,0.2408,Inter,True,0.4228611307283522,True,1.0,False,0.0,0.4980013957549232,2,Modérée
DAX,AUDJPY,Indices,FX_G10,0.3254,1,0.1541,Inter,True,0.4093565878459858,True,1.0,False,0.0,0.493274805746095,2,Modérée
FTSE100,AUDJPY,Indices,FX_G10,0.3207,1,0.1601,Inter,True,0.4066644566085682,True,1.0,False,0.0,0.49233255981299884,2,Modérée
CAC40,GBPJPY,Indices,FX_G10,0.3014,1,0.1942,Inter,True,0.4043481189771759,True,1.0,False,0.0,0.4915218416420115,2,Modérée
COPPER,AUDJPY,Commodites,FX_G10,0.2868,1,0.2136,Inter,True,0.3966888167809269,True,1.0,False,0.0,0.48884108587332437,2,Modérée
RUSSELL2000,USDSEK,Indices,FX_G10,0.2637,1,0.2469,Inter,True,0.38697668547828423,True,1.0,False,0.0,0.4854418399173994,2,Modérée
DOWJONES,USDNOK,Indices,FX_G10,0.2616,1,0.2498,Inter,True,0.3859762186396617,True,1.0,False,0.0,0.4850916765238815,2,Modérée
SILVER,USDCAD,Commodites,FX_G10,0.2797,1,0.2139,Inter,True,0.38452793288190645,True,1.0,False,0.0,0.4845847765086672,2,Modérée
PLATINUM,USDCAD,Commodites,FX_G10,0.2875,1,0.1924,Inter,True,0.37833532047050455,True,1.0,False,0.0,0.48241736216467657,2,Modérée
SP500,USDNOK,Indices,FX_G10,0.2576,1,0.2479,Inter,True,0.37721412835276974,True,1.0,False,0.0,0.48202494492346937,2,Modérée
OAT_FRANCE,EURJPY,Bonds,FX_G10,0.2664,1,0.2266,Inter,True,0.37295805559980066,True,1.0,False,0.0,0.4805353194599302,2,Modérée
SP500,USDSEK,Indices,FX_G10,0.255,1,0.244,Inter,True,0.3690574443429497,True,1.0,False,0.0,0.47917010552003236,2,Modérée
BRENT_CRUDE,AUDJPY,Commodites,FX_G10,0.2633,1,0.2278,Inter,True,0.36863568775752564,True,1.0,False,0.0,0.4790224907151339,2,Modérée
PLATINUM,GBPUSD,Commodites,FX_G10,0.2665,1,0.2209,Inter,True,0.36786886496920623,True,1.0,False,0.0,0.47875410273922214,2,Modérée
SP500,EURJPY,Indices,FX_G10,0.2517,1,0.2485,Inter,True,0.36743250649767734,True,1.0,False,0.0,0.47860137727418706,2,Modérée
BRENT_CRUDE,USDNOK,Commodites,FX_G10,0.2533,1,0.2453,Inter,True,0.36727998866105427,True,1.0,False,0.0,0.478547996031369,2,Modérée
RUSSELL2000,ASX200,Indices,Indices,0.3428,1,0.075,Intra,True,0.36678361797722153,True,1.0,False,0.0,0.4783742662920275,2,Modérée
TY_US10Y,AUDJPY,Bonds,FX_G10,0.256,1,0.2368,Inter,True,0.36415953469829876,True,1.0,False,0.0,0.47745583714440454,2,Modérée
DOWJONES,EURJPY,Indices,FX_G10,0.252,1,0.2439,Inter,True,0.3637096124827247,True,1.0,False,0.0,0.4772983643689536,2,Modérée
FTSE100,USDCAD,Indices,FX_G10,0.2799,1,0.1905,Inter,True,0.3632666608589602,True,1.0,False,0.0,0.477143331300636,2,Modérée
DAX,GBPJPY,Indices,FX_G10,0.2877,1,0.1674,Inter,True,0.35559632967932414,True,1.0,False,0.0,0.4744587153877634,2,Modérée
G_GILT,USDJPY,Bonds,FX_G10,0.2679,1,0.1963,Inter,True,0.3476014936449685,True,1.0,False,0.0,0.47166052277573894,2,Modérée
DOWJONES,USDSEK,Indices,FX_G10,0.2444,1,0.2379,Inter,True,0.34485429852758,True,1.0,False,0.0,0.47069900448465296,2,Modérée
CAC40,USDCAD,Indices,FX_G10,0.2719,1,0.1848,Inter,True,0.343987689247898,True,1.0,False,0.0,0.4703956912367643,2,Modérée
COPPER,USDSEK,Commodites,FX_G10,0.2668,1,0.1924,Inter,True,0.34207254685375355,True,1.0,False,0.0,0.4697253913988137,2,Modérée
RUSSELL2000,GBPUSD,Indices,FX_G10,0.2478,1,0.2276,Inter,True,0.34129768831924323,True,1.0,False,0.0,0.4694541909117351,2,Modérée
RX_BUND,USDJPY,Bonds,FX_G10,0.2653,1,0.1932,Inter,True,0.34018366901926556,True,1.0,False,0.0,0.4690642841567429,2,Modérée
VIX,NZDUSD,Indices,FX_G10,0.2429,1,0.2347,Inter,True,0.33927112377250623,True,1.0,False,0.0,0.46874489332037717,2,Modérée
EUROSTOXX50,USDCAD,Indices,FX_G10,0.2675,1,0.1875,Inter,True,0.33877331049471837,True,1.0,False,0.0,0.4685706586731514,2,Modérée
SILVER,EURUSD,Commodites,FX_G10,0.2498,1,0.2194,Inter,True,0.33722802925684925,True,1.0,False,0.0,0.4680298102398972,2,Modérée
SP500,GBPUSD,Indices,FX_G10,0.2448,1,0.2262,Inter,True,0.33474920995982793,True,1.0,False,0.0,0.4671622234859397,2,Modérée
WTI_CRUDE,AUDJPY,Commodites,FX_G10,0.2425,1,0.228,Inter,True,0.33238244650556364,True,1.0,False,0.0,0.46633385627694723,2,Modérée
ZINC,AUDUSD,Commodites,FX_G10,0.2725,1,0.1635,Inter,True,0.3253666530332209,True,1.0,False,0.0,0.46387832856162725,2,Modérée
PLATINUM,EURUSD,Commodites,FX_G10,0.2486,1,0.2055,Inter,True,0.3222881576829295,True,1.0,False,0.0,0.4628008551890253,2,Modérée
SILVER,GBPUSD,Commodites,FX_G10,0.2469,1,0.2048,Inter,True,0.3186635535407413,True,1.0,False,0.0,0.4615322437392594,2,Modérée
NASDAQ100,ASX200,Indices,Indices,0.3082,1,0.0868,Intra,True,0.31706865538379086,True,1.0,False,0.0,0.46097402938432674,2,Modérée
SP500,ASX200,Indices,Indices,0.3286,1,0.0411,Intra,True,0.3105985392391283,True,1.0,False,0.0,0.4587094887336949,2,Modérée
VIX,EURJPY,Indices,FX_G10,0.23,1,0.2275,Inter,True,0.31002284923544754,True,1.0,False,0.0,0.4585079972324066,2,Modérée
DAX,USDCAD,Indices,FX_G10,0.2536,1,0.1767,Inter,True,0.30444834391672904,True,1.0,False,0.0,0.45655692037085516,2,Modérée
DOWJONES,GBPUSD,Indices,FX_G10,0.2334,1,0.2128,Inter,True,0.3024025124144664,True,1.0,False,0.0,0.45584087934506323,2,Modérée
COPPER,GBPUSD,Commodites,FX_G10,0.2441,1,0.1908,Inter,True,0.30082840484396134,True,1.0,False,0.0,0.45528994169538645,2,Modérée
RUSSELL2000,EURJPY,Indices,FX_G10,0.2267,1,0.2201,Inter,True,0.2974073780514326,True,1.0,False,0.0,0.45409258231800137,2,Modérée
GOLD,GBPUSD,Commodites,FX_G10,0.2323,1,0.1976,Inter,True,0.28643717682259673,True,1.0,False,0.0,0.45025301188790884,2,Modérée
NASDAQ100,USDSEK,Indices,FX_G10,0.2261,1,0.2032,Inter,True,0.2807478786745155,True,1.0,False,0.0,0.4482617575360804,2,Modérée
TY_US10Y,NZDUSD,Bonds,FX_G10,0.2168,1,0.2168,Inter,True,0.2770165174491553,True,1.0,False,0.0,0.44695578110720435,2,Modérée
RX_BUND,GBPJPY,Bonds,FX_G10,0.2226,1,0.2009,Inter,True,0.27249227110176666,True,1.0,False,0.0,0.4453722948856183,2,Modérée
OAT_FRANCE,USDJPY,Bonds,FX_G10,0.237,1,0.1732,Inter,True,0.2721355422253195,True,1.0,False,0.0,0.4452474397788618,2,Modérée
NASDAQ100,USDNOK,Indices,FX_G10,0.223,1,0.1987,Inter,True,0.27116113772040584,True,1.0,False,0.0,0.444906398202142,2,Modérée
TY_US10Y,EURUSD,Bonds,FX_G10,0.2192,1,0.2055,Inter,True,0.2707845081982687,True,1.0,False,0.0,0.444774577869394,2,Modérée
SILVER,USDJPY,Commodites,FX_G10,0.2193,1,0.2024,Inter,True,0.26809661056605505,True,1.0,False,0.0,0.44383381369811925,2,Modérée
G_GILT,GBPJPY,Bonds,FX_G10,0.2144,1,0.2048,Inter,True,0.26172924713762974,True,1.0,False,0.0,0.4416052364981704,2,Modérée
NASDAQ100,EURJPY,Indices,FX_G10,0.2108,1,0.205,Inter,True,0.2556073926590066,True,1.0,False,0.0,0.4394625874306523,2,Modérée
VIX,HANGSENG,Indices,Indices,0.2603,1,0.1097,Intra,True,0.25430609674002014,True,1.0,False,0.0,0.439007133859007,2,Modérée
GOLD,USDCAD,Commodites,FX_G10,0.227,1,0.1654,Inter,True,0.24741341510614298,True,1.0,False,0.0,0.43659469528715,2,Modérée
NASDAQ100,GBPUSD,Indices,FX_G10,0.2069,1,0.2026,Inter,True,0.24655869773828176,True,1.0,False,0.0,0.43629554420839856,2,Modérée
G_GILT,EURJPY,Bonds,FX_G10,0.2146,1,0.1865,Inter,True,0.24517820368843043,True,1.0,False,0.0,0.43581237129095063,2,Modérée
ZINC,AUDJPY,Commodites,FX_G10,0.2316,1,0.1541,Inter,True,0.2450354204425439,True,1.0,False,0.0,0.43576239715489035,2,Modérée
SILVER,USDCHF,Commodites,FX_G10,0.2166,1,0.1708,Inter,True,0.23418173789993807,True,1.0,False,0.0,0.4319636082649783,2,Modérée
RUSSELL2000,HANGSENG,Indices,Indices,0.2626,1,0.0815,Intra,True,0.23229050051841826,True,1.0,False,0.0,0.43130167518144635,2,Modérée
PLATINUM,USDCHF,Commodites,FX_G10,0.2084,1,0.1827,Inter,True,0.23080730777697267,True,1.0,False,0.0,0.4307825577219404,2,Modérée
EUROSTOXX50,AUDUSD,Indices,FX_G10,0.2365,1,0.1277,Inter,True,0.22923700234745453,True,1.0,False,0.0,0.43023295082160906,2,Modérée
BRENT_CRUDE,GBPJPY,Commodites,FX_G10,0.1985,1,0.1935,Inter,True,0.2234388438197603,True,1.0,False,0.0,0.4282035953369161,2,Modérée
VIX,USDJPY,Indices,FX_G10,0.1984,1,0.1913,Inter,True,0.22123179803219778,True,1.0,False,0.0,0.4274311293112692,2,Modérée
SILVER,USDNOK,Commodites,FX_G10,0.1974,1,0.1918,Inter,True,0.21994176033486756,True,1.0,False,0.0,0.4269796161172036,2,Modérée
SP500,HANGSENG,Indices,Indices,0.2591,1,0.0739,Intra,True,0.21913994952589327,True,1.0,False,0.0,0.4266989823340626,2,Modérée
ZINC,USDCAD,Commodites,FX_G10,0.2209,1,0.1432,Inter,True,0.21622393584123095,True,1.0,False,0.0,0.42567837754443083,2,Modérée
DAX,AUDUSD,Indices,FX_G10,0.2325,1,0.118,Inter,True,0.2132710330654203,True,1.0,False,0.0,0.42464486157289705,2,Modérée
EUROSTOXX50,EURGBP,Indices,FX_G10,0.2117,1,0.1539,Inter,True,0.20998939182968634,True,1.0,False,0.0,0.4234962871403902,2,Modérée
SP500,EURGBP,Indices,FX_G10,0.1922,1,0.1886,Inter,True,0.20787683377390112,True,1.0,False,0.0,0.4227568918208654,2,Modérée
RUSSELL2000,EURGBP,Indices,FX_G10,0.1918,1,0.1893,Inter,True,0.20782260581004225,True,1.0,False,0.0,0.42273791203351474,2,Modérée
BRENT_CRUDE,AUDUSD,Commodites,FX_G10,0.2015,1,0.1676,Inter,True,0.20477374569617768,True,1.0,False,0.0,0.42167081099366216,2,Modérée
CAC40,AUDUSD,Indices,FX_G10,0.2273,1,0.1186,Inter,True,0.20471568857901035,True,1.0,False,0.0,0.4216504910026536,2,Modérée
FTSE100,AUDUSD,Indices,FX_G10,0.2289,1,0.1148,Inter,True,0.20400902620429928,True,1.0,False,0.0,0.4214031591715047,2,Modérée
NASDAQ100,HANGSENG,Indices,Indices,0.2489,1,0.0764,Intra,True,0.20358027201474443,True,1.0,False,0.0,0.4212530952051605,2,Modérée
DAX,EURGBP,Indices,FX_G10,0.211,1,0.1461,Inter,True,0.20155923546586166,True,1.0,False,0.0,0.42054573241305154,2,Modérée
DOWJONES,EURGBP,Indices,FX_G10,0.1887,1,0.1872,Inter,True,0.20045244300828408,True,1.0,False,0.0,0.4201583550528994,2,Modérée
EUROSTOXX50,GBPUSD,Indices,FX_G10,0.2006,1,0.1596,Inter,True,0.195808509523843,True,1.0,False,0.0,0.418532978333345,2,Modérée
DOWJONES,HANGSENG,Indices,Indices,0.2465,1,0.0689,Intra,True,0.19244908573887784,True,1.0,False,0.0,0.4173571800086072,2,Modérée
LEAD,AUDUSD,Commodites,FX_G10,0.2242,1,0.103,Inter,True,0.18487727367027515,True,1.0,False,0.0,0.4147070457845963,2,Modérée
DOWJONES,USDJPY,Indices,FX_G10,0.1859,1,0.1741,Inter,True,0.18344851111863605,True,1.0,False,0.0,0.4142069788915226,2,Modérée
WTI_CRUDE,GBPJPY,Commodites,FX_G10,0.1873,1,0.1702,Inter,True,0.18229912635842965,True,1.0,False,0.0,0.41380469422545035,2,Modérée
COPPER,USDNOK,Commodites,FX_G10,0.2055,1,0.1355,Inter,True,0.18213431215809045,True,1.0,False,0.0,0.41374700925533164,2,Modérée
COPPER,EURUSD,Commodites,FX_G10,0.2037,1,0.1385,Inter,True,0.18175175018620363,True,1.0,False,0.0,0.41361311256517125,2,Modérée
ZINC,NZDUSD,Commodites,FX_G10,0.2197,1,0.1065,Inter,True,0.18022657181997226,True,1.0,False,0.0,0.41307930013699024,2,Modérée
EUROSTOXX50,USDSEK,Indices,FX_G10,0.1857,1,0.1702,Inter,True,0.1794962066585842,True,1.0,False,0.0,0.41282367233050443,2,Modérée
WTI_CRUDE,AUDUSD,Commodites,FX_G10,0.1862,1,0.1685,Inter,True,0.17880204287353696,True,1.0,False,0.0,0.4125807150057379,2,Modérée
CAC40,EURGBP,Indices,FX_G10,0.2004,1,0.1397,Inter,True,0.17707901738144805,True,1.0,False,0.0,0.4119776560835068,2,Modérée
CAC40,GBPUSD,Indices,FX_G10,0.1906,1,0.1502,Inter,True,0.16960866363643207,True,1.0,False,0.0,0.40936303227275117,2,Modérée
PLATINUM,USDJPY,Commodites,FX_G10,0.1825,1,0.1586,Inter,True,0.16317690618919445,True,1.0,False,0.0,0.40711191716621803,2,Modérée
TY_US10Y,USDSEK,Bonds,FX_G10,0.1799,1,0.1611,Inter,True,0.16093109725231164,True,1.0,False,0.0,0.40632588403830905,2,Modérée
CAC40,USDSEK,Indices,FX_G10,0.1784,1,0.1625,Inter,True,0.15959636395591154,True,1.0,False,0.0,0.405858727384569,2,Modérée
SP500,USDJPY,Indices,FX_G10,0.1755,1,0.1654,Inter,True,0.15719443726736626,True,1.0,False,0.0,0.4050180530435782,2,Modérée
ZINC,USDSEK,Commodites,FX_G10,0.196,1,0.1251,Inter,True,0.15588680444673486,True,1.0,False,0.0,0.4045603815563572,2,Modérée
RX_BUND,AUDJPY,Bonds,FX_G10,0.1849,1,0.1418,Inter,True,0.15186523867250243,True,1.0,False,0.0,0.40315283353537584,2,Modérée
DAX,GBPUSD,Indices,FX_G10,0.1891,1,0.1338,Inter,True,0.1518343090434252,True,1.0,False,0.0,0.4031420081651988,2,Modérée
NASDAQ100,EURGBP,Indices,FX_G10,0.1695,1,0.1621,Inter,True,0.14363569343346244,True,1.0,False,0.0,0.40027249270171184,2,Modérée
LEAD,USDCAD,Commodites,FX_G10,0.1898,1,0.1072,Inter,True,0.1284935118902122,True,1.0,False,0.0,0.3949727291615742,2,Modérée
VIX,USDSEK,Indices,FX_G10,0.1636,1,0.1558,Inter,True,0.12748140939035957,True,1.0,False,0.0,0.3946184932866258,2,Modérée
DAX,USDSEK,Indices,FX_G10,0.1694,1,0.1442,Inter,True,0.12692853223260067,True,1.0,False,0.0,0.3944249862814102,2,Modérée
VIX,GBPUSD,Indices,FX_G10,0.1625,1,0.1544,Inter,True,0.12426139817451079,True,1.0,False,0.0,0.39349148936107875,2,Modérée
OAT_FRANCE,GBPJPY,Bonds,FX_G10,0.1656,1,0.148,Inter,True,0.12378118002002414,True,1.0,False,0.0,0.3933234130070084,2,Modérée
FTSE100,USDSEK,Indices,FX_G10,0.1639,1,0.1494,Inter,True,0.12209608176114332,True,1.0,False,0.0,0.39273362861640015,2,Modérée
G_GILT,AUDJPY,Bonds,FX_G10,0.163,1,0.1511,Inter,True,0.12208951562122924,True,1.0,False,0.0,0.3927313304674302,2,Modérée
GOLD,USDNOK,Commodites,FX_G10,0.1653,1,0.1375,Inter,True,0.11355810315976546,True,1.0,False,0.0,0.3897453361059179,2,Modérée
FTSE100,GBPJPY,Indices,FX_G10,0.1762,1,0.1136,Inter,True,0.11057956951446277,True,1.0,False,0.0,0.38870284933006194,2,Modérée
COPPER,GBPJPY,Commodites,FX_G10,0.1644,1,0.1278,Inter,True,0.10302279079618182,True,1.0,False,0.0,0.3860579767786636,2,Modérée
EUROSTOXX50,NZDUSD,Indices,FX_G10,0.1804,1,0.0968,Inter,True,0.10242118666009689,True,1.0,False,0.0,0.3858474153310339,2,Modérée
VIX,USDNOK,Indices,FX_G10,0.1516,1,0.1478,Inter,True,0.09907091780034684,True,1.0,False,0.0,0.38467482123012137,2,Modérée
CAC40,EURJPY,Indices,FX_G10,0.1727,1,0.0991,Inter,True,0.09105635633392728,True,1.0,False,0.0,0.3818697247168745,2,Modérée
EUROSTOXX50,EURJPY,Indices,FX_G10,0.174,1,0.0953,Inter,True,0.08982414651549524,True,1.0,False,0.0,0.3814384512804233,2,Modérée
PLATINUM,AUDJPY,Commodites,FX_G10,0.1729,1,0.0969,Inter,True,0.08937485799008582,True,1.0,False,0.0,0.38128120029653,2,Modérée
FTSE100,EURJPY,Indices,FX_G10,0.1649,1,0.1101,Inter,True,0.08755143932879145,True,1.0,False,0.0,0.380643003765077,2,Modérée
DAX,NZDUSD,Indices,FX_G10,0.1744,1,0.0854,Inter,True,0.08138149156200683,True,1.0,False,0.0,0.3784835220467024,2,Modérée
PLATINUM,USDNOK,Commodites,FX_G10,0.1657,1,0.1009,Inter,True,0.08045601626136686,True,1.0,False,0.0,0.3781596056914784,2,Modérée
FTSE100,USDNOK,Indices,FX_G10,0.1724,1,0.0834,Inter,True,0.07603069347690708,True,1.0,False,0.0,0.37661074271691747,2,Modérée
CAC40,NZDUSD,Indices,FX_G10,0.1713,1,0.0848,Inter,True,0.07539669010546834,True,1.0,False,0.0,0.3763888415369139,2,Modérée
LEAD,NZDUSD,Commodites,FX_G10,0.1839,1,0.0595,Inter,True,0.0741032547190465,True,1.0,False,0.0,0.37593613915166624,2,Modérée
CAC40,USDJPY,Indices,FX_G10,0.1711,1,0.0824,Inter,True,0.07282974699063617,True,1.0,False,0.0,0.3754904114467226,2,Modérée
EUROSTOXX50,USDJPY,Indices,FX_G10,0.1718,1,0.0797,Inter,True,0.07156237393792317,True,1.0,False,0.0,0.37504683087827306,2,Modérée
LEAD,AUDJPY,Commodites,FX_G10,0.1722,1,0.0773,Inter,True,0.07004652571053305,True,1.0,False,0.0,0.3745162839986865,2,Modérée
LEAD,USDSEK,Commodites,FX_G10,0.1621,1,0.0781,Inter,True,0.053091954489375565,True,1.0,False,0.0,0.3685821840712814,2,Modérée
FTSE100,NZDUSD,Indices,FX_G10,0.159,1,0.0719,Inter,True,0.041935137344016986,True,1.0,False,0.0,0.36467729807040594,2,Modérée
ZINC,GBPUSD,Commodites,FX_G10,0.1577,1,0.0737,Inter,True,0.04132019870215613,True,1.0,False,0.0,0.3644620695457546,2,Modérée
FTSE100,USDJPY,Indices,FX_G10,0.1544,1,0.0788,Inter,True,0.040249405394971675,True,1.0,False,0.0,0.36408729188824007,2,Modérée
LEAD,EURUSD,Commodites,FX_G10,0.1527,1,0.0802,Inter,True,0.03856430713609086,True,1.0,False,0.0,0.36349750749763177,2,Modérée
DAX,USDJPY,Indices,FX_G10,0.1561,1,0.0667,Inter,True,0.032052259391285476,True,1.0,False,0.0,0.3612182907869499,2,Modérée
DAX,EURJPY,Indices,FX_G10,0.1513,1,0.0706,Inter,True,0.027245439789320154,True,1.0,False,0.0,0.35953590392626206,2,Modérée
WTI_CRUDE,ASX200,Commodites,Indices,0.1573,1,0.0426,Inter,True,0.011896310219640265,True,1.0,False,0.0,0.35416370857687407,2,Modérée
WTI_CRUDE,USDJPY,Commodites,FX_G10,0.1035,1,0.1013,Inter,False,0.0,True,1.0,False,0.0,0.35,1,Faible
BRENT_CRUDE,NZDUSD,Commodites,FX_G10,0.1411,1,0.1274,Inter,False,0.0,True,1.0,False,0.0,0.35,1,Faible
BRENT_CRUDE,USDJPY,Commodites,FX_G10,0.1134,1,0.107,Inter,False,0.0,True,1.0,False,0.0,0.35,1,Faible
BRENT_CRUDE,USDSEK,Commodites,FX_G10,0.1097,1,0.102,Inter,False,0.0,True,1.0,False,0.0,0.35,1,Faible
COPPER,EURJPY,Commodites,FX_G10,0.1329,1,0.0888,Inter,False,0.0,True,1.0,False,0.0,0.35,1,Faible
GOLD,EURJPY,Commodites,FX_G10,0.1072,1,0.1031,Inter,False,0.0,True,1.0,False,0.0,0.35,1,Faible
OAT_FRANCE,AUDJPY,Bonds,FX_G10,0.1333,1,0.1031,Inter,False,0.0,True,1.0,False,0.0,0.35,1,Faible
SILVER,ASX200,Commodites,Indices,0.1092,1,0.0119,Inter,False,0.0,True,1.0,False,0.0,0.35,1,Faible
NAT_GAS,AUDJPY,Commodites,FX_G10,0.0888,1,0.0573,Inter,False,0.0,True,1.0,False,0.0,0.35,1,Faible
BRENT_CRUDE,GBPUSD,Commodites,FX_G10,0.1239,1,0.1236,Inter,False,0.0,True,1.0,False,0.0,0.35,1,Faible
VIX,EURGBP,Indices,FX_G10,0.1439,1,0.1319,Inter,False,0.0,True,1.0,False,0.0,0.35,1,Faible
BRENT_CRUDE,NIKKEI225,Commodites,Indices,0.1412,1,0.0497,Inter,False,0.0,True,1.0,False,0.0,0.35,1,Faible
SILVER,AUDJPY,Commodites,FX_G10,0.1395,1,0.0852,Inter,False,0.0,True,1.0,False,0.0,0.35,1,Faible
WTI_CRUDE,EURGBP,Commodites,FX_G10,0.0965,1,0.0944,Inter,False,0.0,True,1.0,False,0.0,0.35,1,Faible
WTI_CRUDE,HANGSENG,Commodites,Indices,0.1088,1,0.0044,Inter,False,0.0,True,1.0,False,0.0,0.35,1,Faible
SP500,EURCHF,Indices,FX_G10,0.1206,1,0.1113,Inter,False,0.0,True,1.0,False,0.0,0.35,1,Faible
BRENT_CRUDE,EURGBP,Commodites,FX_G10,0.1005,1,0.0803,Inter,False,0.0,True,1.0,False,0.0,0.35,1,Faible
VIX,EURCHF,Indices,FX_G10,0.1183,1,0.0962,Inter,False,0.0,True,1.0,False,0.0,0.35,1,Faible
WTI_CRUDE,EURJPY,Commodites,FX_G10,0.1145,1,0.0919,Inter,False,0.0,True,1.0,False,0.0,0.35,1,Faible
RUSSELL2000,EURCHF,Indices,FX_G10,0.1202,1,0.1105,Inter,False,0.0,True,1.0,False,0.0,0.35,1,Faible
G_GILT,USDCHF,Bonds,FX_G10,0.1102,1,0.068,Inter,False,0.0,True,1.0,False,0.0,0.35,1,Faible
WTI_CRUDE,USDSEK,Commodites,FX_G10,0.125,1,0.0963,Inter,False,0.0,True,1.0,False,0.0,0.35,1,Faible
WTI_CRUDE,NIKKEI225,Commodites,Indices,0.1309,1,0.054,Inter,False,0.0,True,1.0,False,0.0,0.35,1,Faible
OAT_FRANCE,ASX200,Bonds,Indices,0.0692,2,0.054,Inter,False,0.0,True,1.0,False,0.0,0.35,1,Faible
OAT_FRANCE,EURCHF,Bonds,FX_G10,0.0943,1,0.0789,Inter,False,0.0,True,1.0,False,0.0,0.35,1,Faible
NASDAQ100,EURCHF,Indices,FX_G10,0.1092,1,0.1045,Inter,False,0.0,True,1.0,False,0.0,0.35,1,Faible
WTI_CRUDE,GBPUSD,Commodites,FX_G10,0.1206,1,0.102,Inter,False,0.0,True,1.0,False,0.0,0.35,1,Faible
G_GILT,NZDUSD,Bonds,FX_G10,0.0941,1,0.0364,Inter,False,0.0,True,1.0,False,0.0,0.35,1,Faible
WTI_CRUDE,NZDUSD,Commodites,FX_G10,0.1361,1,0.1346,Inter,False,0.0,True,1.0,False,0.0,0.35,1,Faible
DOWJONES,EURCHF,Indices,FX_G10,0.1148,1,0.0986,Inter,False,0.0,True,1.0,False,0.0,0.35,1,Faible
BRENT_CRUDE,EURJPY,Commodites,FX_G10,0.124,1,0.111,Inter,False,0.0,True,1.0,False,0.0,0.35,1,Faible
RUSSELL2000,LEAD,Indices,Commodites,0.1378,1,0.0293,Inter,False,0.0,True,1.0,False,0.0,0.35,1,Faible
RUSSELL2000,USDJPY,Indices,FX_G10,0.1493,1,0.1369,Inter,False,0.0,True,1.0,False,0.0,0.35,1,Faible
NASDAQ100,USDJPY,Indices,FX_G10,0.1497,1,0.1356,Inter,False,0.0,True,1.0,False,0.0,0.35,1,Faible
RUSSELL2000,EURUSD,Indices,FX_G10,0.084,1,0.0589,Inter,False,0.0,True,1.0,False,0.0,0.35,1,Faible
LEAD,EURJPY,Commodites,FX_G10,0.1084,1,0.0619,Inter,False,0.0,True,1.0,False,0.0,0.35,1,Faible
LEAD,GBPJPY,Commodites,FX_G10,0.0989,1,0.0332,Inter,False,0.0,True,1.0,False,0.0,0.35,1,Faible
LEAD,GBPUSD,Commodites,FX_G10,0.149,1,0.0576,Inter,False,0.0,True,1.0,False,0.0,0.35,1,Faible
CAC40,USDNOK,Indices,FX_G10,0.1262,1,0.0142,Inter,False,0.0,True,1.0,False,0.0,0.35,1,Faible
DOWJONES,EURUSD,Indices,FX_G10,0.0758,2,0.0499,Inter,False,0.0,True,1.0,False,0.0,0.35,1,Faible
COPPER,USDCHF,Commodites,FX_G10,0.1418,1,0.0897,Inter,False,0.0,True,1.0,False,0.0,0.35,1,Faible
DAX,USDNOK,Indices,FX_G10,0.1219,1,0.0334,Inter,False,0.0,True,1.0,False,0.0,0.35,1,Faible
GOLD,GBPJPY,Commodites,FX_G10,0.1044,1,0.0899,Inter,False,0.0,True,1.0,False,0.0,0.35,1,Faible
LEAD,USDCHF,Commodites,FX_G10,0.1133,1,0.0374,Inter,False,0.0,True,1.0,False,0.0,0.35,1,Faible
ZINC,USDNOK,Commodites,FX_G10,0.1413,1,0.0719,Inter,False,0.0,True,1.0,False,0.0,0.35,1,Faible
ZINC,USDCHF,Commodites,FX_G10,0.1032,1,0.0482,Inter,False,0.0,True,1.0,False,0.0,0.35,1,Faible
EUROSTOXX50,USDNOK,Indices,FX_G10,0.1403,1,0.0489,Inter,False,0.0,True,1.0,False,0.0,0.35,1,Faible
ZINC,GBPJPY,Commodites,FX_G10,0.1237,1,0.0705,Inter,False,0.0,True,1.0,False,0.0,0.35,1,Faible
ZINC,EURUSD,Commodites,FX_G10,0.1413,1,0.0846,Inter,False,0.0,True,1.0,False,0.0,0.35,1,Faible
ZINC,EURJPY,Commodites,FX_G10,0.1143,1,0.0859,Inter,False,0.0,True,1.0,False,0.0,0.35,1,Faible
TY_US10Y,NIKKEI225,Bonds,Indices,0.1342,1,0.0525,Inter,False,0.0,True,1.0,False,0.0,0.35,1,Faible
ASX200,LEAD,Indices,Commodites,0.0996,1,0.0103,Inter,False,0.0,True,1.0,False,0.0,0.35,1,Faible
DOWJONES,LEAD,Indices,Commodites,0.1264,1,0.0342,Inter,False,0.0,True,1.0,False,0.0,0.35,1,Faible
TY_US10Y,USDNOK,Bonds,FX_G10,0.0994,4,0.0813,Inter,False,0.0,True,1.0,False,0.0,0.35,1,Faible
TY_US10Y,GBPUSD,Bonds,FX_G10,0.1401,1,0.1297,Inter,False,0.0,True,1.0,False,0.0,0.35,1,Faible
SP500,LEAD,Indices,Commodites,0.1327,1,0.0341,Inter,False,0.0,True,1.0,False,0.0,0.35,1,Faible
TY_US10Y,EURCHF,Bonds,FX_G10,0.1346,1,0.1294,Inter,False,0.0,True,1.0,False,0.0,0.35,1,Faible
NASDAQ100,LEAD,Indices,Commodites,0.1256,1,0.0357,Inter,False,0.0,True,1.0,False,0.0,0.35,1,Faible
TY_US10Y,AUDUSD,Bonds,FX_G10,0.1456,1,0.1398,Inter,False,0.0,True,1.0,False,0.0,0.35,1,Faible
FTSE100,GBPUSD,Indices,FX_G10,0.075,2,0.0744,Inter,False,0.0,True,1.0,False,0.0,0.35,1,Faible
COPPER,ASX200,Commodites,Indices,0.1437,1,0.002,Inter,False,0.0,True,1.0,False,0.0,0.35,1,Faible
RX_BUND,EURCHF,Bonds,FX_G10,0.1331,1,0.105,Inter,False,0.0,True,1.0,False,0.0,0.35,1,Faible
SP500,EURUSD,Indices,FX_G10,0.082,1,0.063,Inter,False,0.0,True,1.0,False,0.0,0.35,1,Faible
USDNOK,NIKKEI225,FX_G10,Indices,0.0906,3,0.0109,Inter,False,0.0,True,0.5999956572723137,False,0.0,0.2099984800453098,1,Faible
OAT_FRANCE,NZDUSD,Bonds,FX_G10,0.0901,1,0.0453,Inter,False,0.0,True,0.5999956572723137,False,0.0,0.2099984800453098,1,Faible
DOWJONES,USDCHF,Indices,FX_G10,0.093,2,0.0874,Inter,False,0.0,True,0.5999956572723137,False,0.0,0.2099984800453098,1,Faible
SP500,USDCHF,Indices,FX_G10,0.0968,2,0.0912,Inter,False,0.0,True,0.5999956572723137,False,0.0,0.2099984800453098,1,Faible
EURGBP,USDNOK,FX_G10,FX_G10,0.0939,2,0.0717,Intra,False,0.0,True,0.5999956572723137,False,0.0,0.2099984800453098,1,Faible
EURGBP,G_GILT,FX_G10,Bonds,0.0783,3,0.0165,Inter,False,0.0,True,0.5698948290154774,False,0.0,0.19946319015541708,1,Faible
HANGSENG,EURGBP,Indices,FX_G10,0.0747,1,0.0095,Inter,False,0.0,True,0.5522864269038876,False,0.0,0.19330024941636065,1,Faible
RX_BUND,USDNOK,Bonds,FX_G10,0.0903,1,0.0538,Inter,False,0.0,True,0.5522864269038876,False,0.0,0.19330024941636065,1,Faible
RUSSELL2000,USDCHF,Indices,FX_G10,0.09,2,0.0788,Inter,False,0.0,True,0.5397929151445704,False,0.0,0.18892752030059962,1,Faible
NASDAQ100,EURUSD,Indices,FX_G10,0.0656,1,0.0526,Inter,False,0.0,True,0.5301021309861201,False,0.0,0.18553574584514204,1,Faible
COPPER,EURGBP,Commodites,FX_G10,0.0837,1,0.0789,Inter,False,0.0,True,0.5096904584360962,False,0.0,0.17839166045263366,1,Faible
NAT_GAS,NIKKEI225,Commodites,Indices,0.0805,1,0.0771,Inter,False,0.0,True,0.47958773030120455,False,0.0,0.1678557056054216,1,Faible
OAT_FRANCE,EURGBP,Bonds,FX_G10,0.0689,1,0.0357,Inter,False,0.0,True,0.4657575345116453,False,0.0,0.16301513707907586,1,Faible
RX_BUND,ASX200,Bonds,Indices,0.0624,3,0.0592,Inter,False,0.0,True,0.4552840417608829,False,0.0,0.159349414616309,1,Faible
GOLD,EURCHF,Commodites,FX_G10,0.0779,1,0.061,Inter,False,0.0,True,0.4508636905218045,False,0.0,0.15780229168263157,1,Faible
NAT_GAS,AUDUSD,Commodites,FX_G10,0.0713,1,0.0594,Inter,False,0.0,True,0.445593071481012,False,0.0,0.1559575750183542,1,Faible
NASDAQ100,USDCHF,Indices,FX_G10,0.0795,2,0.0746,Inter,False,0.0,True,0.43279012180344534,False,0.0,0.15147654263120586,1,Faible
PLATINUM,GBPJPY,Commodites,FX_G10,0.072,1,0.0521,Inter,False,0.0,True,0.4267605435928735,False,0.0,0.14936619025750572,1,Faible
G_GILT,ASX200,Bonds,Indices,0.06,3,0.0415,Inter,False,0.0,True,0.42218480257928237,False,0.0,0.14776468090274883,1,Faible
VIX,USDCHF,Indices,FX_G10,0.0753,1,0.0528,Inter,False,0.0,True,0.4187085975212302,False,0.0,0.14654800913243055,1,Faible
GOLD,HANGSENG,Commodites,Indices,0.0727,1,0.0286,Inter,False,0.0,True,0.41191858362794764,False,0.0,0.14417150426978168,1,Faible
FTSE100,EURGBP,Indices,FX_G10,0.0482,1,0.0308,Inter,False,0.0,True,0.39586069200287893,False,0.0,0.13855124220100762,1,Faible
NAT_GAS,GBPJPY,Commodites,FX_G10,0.0706,1,0.0422,Inter,False,0.0,True,0.3917214270762639,False,0.0,0.13710249947669234,1,Faible
RX_BUND,NZDUSD,Bonds,FX_G10,0.0713,1,0.0306,Inter,False,0.0,True,0.3910094535475801,False,0.0,0.13685330874165302,1,Faible
EURUSD,DAX,FX_G10,Indices,0.0643,2,0.0548,Inter,False,0.0,True,0.3798602602538451,False,0.0,0.13295109108884579,1,Faible
NAT_GAS,USDCAD,Commodites,FX_G10,0.071,1,0.0521,Inter,False,0.0,True,0.3798602602538451,False,0.0,0.13295109108884579,1,Faible
G_GILT,EURCHF,Bonds,FX_G10,0.0697,1,0.0685,Inter,False,0.0,True,0.36903696196847013,False,0.0,0.12916293668896453,1,Faible
NAT_GAS,ZINC,Commodites,Commodites,0.0689,1,0.0337,Intra,False,0.0,True,0.36179827772199896,False,0.0,0.12662939720269964,1,Faible
EURUSD,FTSE100,FX_G10,Indices,0.0604,2,0.0366,Inter,False,0.0,True,0.3525783590187366,False,0.0,0.12340242565655779,1,Faible
EUROSTOXX50,EURCHF,Indices,FX_G10,0.0593,1,0.0159,Inter,False,0.0,True,0.33925448695521393,False,0.0,0.11873907043432487,1,Faible
BRENT_CRUDE,EURCHF,Commodites,FX_G10,0.0595,1,0.0566,Inter,False,0.0,True,0.3312470949607863,False,0.0,0.1159364832362752,1,Faible
NAT_GAS,USDNOK,Commodites,FX_G10,0.0555,1,0.0416,Inter,False,0.0,True,0.33115800890025276,False,0.0,0.11590530311508845,1,Faible
BRENT_CRUDE,USDCHF,Commodites,FX_G10,0.0556,2,0.0324,Inter,False,0.0,True,0.3289882550230398,False,0.0,0.11514588925806392,1,Faible
SP500,RX_BUND,Indices,Bonds,0.0682,2,0.045,Inter,False,0.0,True,0.3216811237377058,False,0.0,0.11258839330819702,1,Faible
DOWJONES,RX_BUND,Indices,Bonds,0.0666,2,0.0274,Inter,False,0.0,True,0.3216096349297258,False,0.0,0.11256337222540401,1,Faible
NAT_GAS,HANGSENG,Commodites,Indices,0.0639,1,0.036,Inter,False,0.0,True,0.31817740403838485,False,0.0,0.11136209141343469,1,Faible
WTI_CRUDE,USDCHF,Commodites,FX_G10,0.0589,2,0.0559,Inter,False,0.0,True,0.3158640466966694,False,0.0,0.11055241634383428,1,Faible
RUSSELL2000,RX_BUND,Indices,Bonds,0.0553,2,0.0374,Inter,False,0.0,True,0.3154901897943679,False,0.0,0.11042156642802875,1,Faible
RX_BUND,EURUSD,Bonds,FX_G10,0.0631,1,0.0367,Inter,False,0.0,True,0.3098541624112739,False,0.0,0.10844895684394586,1,Faible
EURUSD,CAC40,FX_G10,Indices,0.0551,2,0.0374,Inter,False,0.0,True,0.29812994597346704,False,0.0,0.10434548109071345,1,Faible
G_GILT,EURUSD,Bonds,FX_G10,0.0609,1,0.0104,Inter,False,0.0,True,0.295900226805927,False,0.0,0.10356507938207443,1,Faible
USDNOK,OAT_FRANCE,FX_G10,Bonds,0.0631,3,0.0288,Inter,False,0.0,True,0.29570308872685536,False,0.0,0.10349608105439936,1,Faible
G_GILT,SP500,Bonds,Indices,0.059,3,0.0214,Inter,False,0.0,True,0.2946921518083442,False,0.0,0.10314225313292046,1,Faible
WTI_CRUDE,EURCHF,Commodites,FX_G10,0.0599,1,0.038,Inter,False,0.0,True,0.28230409905179177,False,0.0,0.09880643466812711,1,Faible
OAT_FRANCE,AUDUSD,Bonds,FX_G10,0.0582,1,0.0329,Inter,False,0.0,True,0.27609508818139916,False,0.0,0.0966332808634897,1,Faible
RX_BUND,USDSEK,Bonds,FX_G10,0.0597,1,0.0213,Inter,False,0.0,True,0.27354182471461275,False,0.0,0.09573963865011445,1,Faible
DAX,EURCHF,Indices,FX_G10,0.0577,1,0.0128,Inter,False,0.0,True,0.27281583702391976,False,0.0,0.09548554295837192,1,Faible
HANGSENG,USDCHF,Indices,FX_G10,0.0591,1,0.0172,Inter,False,0.0,True,0.27260731967864105,False,0.0,0.09541256188752437,1,Faible
OAT_FRANCE,GBPUSD,Bonds,FX_G10,0.0585,2,0.0167,Inter,False,0.0,True,0.2712198247683461,False,0.0,0.09492693866892113,1,Faible
NASDAQ100,RX_BUND,Indices,Bonds,0.0613,2,0.0571,Inter,False,0.0,True,0.2641113776587808,False,0.0,0.09243898218057327,1,Faible
RX_BUND,EURGBP,Bonds,FX_G10,0.0489,1,0.002,Inter,False,0.0,True,0.25907433310361305,False,0.0,0.09067601658626456,1,Faible
RUSSELL2000,G_GILT,Indices,Bonds,0.0476,1,0.0196,Inter,False,0.0,True,0.25782315823487567,False,0.0,0.09023810538220647,1,Faible
SP500,GOLD,Indices,Commodites,0.0505,2,0.0176,Inter,False,0.0,True,0.2566550190230498,False,0.0,0.08982925665806743,1,Faible
RX_BUND,USDCHF,Bonds,FX_G10,0.0567,1,0.0106,Inter,False,0.0,True,0.2537901603878837,False,0.0,0.0888265561357593,1,Faible
G_GILT,NIKKEI225,Bonds,Indices,0.0452,2,0.0095,Inter,False,0.0,True,0.25334289127811843,False,0.0,0.08867001194734145,1,Faible
ZINC,EURGBP,Commodites,FX_G10,0.0497,1,0.0137,Inter,False,0.0,True,0.2519849260350868,False,0.0,0.08819472411228038,1,Faible
NAT_GAS,RX_BUND,Commodites,Bonds,0.0556,1,0.0373,Inter,False,0.0,True,0.25045944229741496,False,0.0,0.08766080480409523,1,Faible
G_GILT,USDNOK,Bonds,FX_G10,0.0647,3,0.0275,Inter,False,0.0,True,0.25040395912563584,False,0.0,0.08764138569397253,1,Faible
DOWJONES,GOLD,Indices,Commodites,0.0506,2,0.0292,Inter,False,0.0,True,0.2470441314148867,False,0.0,0.08646544599521035,1,Faible
TY_US10Y,EURGBP,Bonds,FX_G10,0.0502,1,0.0409,Inter,False,0.0,True,0.2453580720823391,False,0.0,0.08587532522881867,1,Faible
DAX,OAT_FRANCE,Indices,Bonds,0.0603,2,0.0403,Inter,False,0.0,True,0.24112802092039015,False,0.0,0.08439480732213654,1,Faible
EURUSD,EUROSTOXX50,FX_G10,Indices,0.0531,2,0.038,Inter,False,0.0,True,0.24047242771696,False,0.0,0.084165349700936,1,Faible
CAC40,OAT_FRANCE,Indices,Bonds,0.0599,2,0.0339,Inter,False,0.0,True,0.23816380584327543,False,0.0,0.08335733204514639,1,Faible
CAC40,EURCHF,Indices,FX_G10,0.0474,1,0.0038,Inter,False,0.0,True,0.23726341331644735,False,0.0,0.08304219466075656,1,Faible
G_GILT,NASDAQ100,Bonds,Indices,0.0563,3,0.0433,Inter,False,0.0,True,0.2363010888169444,False,0.0,0.08270538108593053,1,Faible
G_GILT,AUDUSD,Bonds,FX_G10,0.0522,1,0.0004,Inter,False,0.0,True,0.23578323556954772,False,0.0,0.0825241324493417,1,Faible
NAT_GAS,GBPUSD,Commodites,FX_G10,0.0536,1,0.0484,Inter,False,0.0,True,0.23571399375317018,False,0.0,0.08249989781360956,1,Faible
VIX,GOLD,Indices,Commodites,0.0543,1,0.0246,Inter,False,0.0,True,0.23441894959113202,False,0.0,0.0820466323568962,1,Faible
OAT_FRANCE,SP500,Bonds,Indices,0.0518,2,0.0176,Inter,False,0.0,True,0.2334982165195346,False,0.0,0.0817243757818371,1,Faible
NASDAQ100,GOLD,Indices,Commodites,0.046,2,0.0102,Inter,False,0.0,True,0.2277530605887578,False,0.0,0.07971357120606523,1,Faible
OAT_FRANCE,ZINC,Bonds,Commodites,0.0519,1,0.0226,Inter,False,0.0,True,0.22501864069807773,False,0.0,0.0787565242443272,1,Faible
TY_US10Y,USDCAD,Bonds,FX_G10,0.0519,1,0.0475,Inter,False,0.0,True,0.22458046041614388,False,0.0,0.07860316114565036,1,Faible
NAT_GAS,NZDUSD,Commodites,FX_G10,0.0512,1,0.0387,Inter,False,0.0,True,0.22245351833711066,False,0.0,0.07785873141798873,1,Faible
COPPER,EURCHF,Commodites,FX_G10,0.0414,2,0.0377,Inter,False,0.0,True,0.21608363107957848,False,0.0,0.07562927087785247,1,Faible
DAX,NAT_GAS,Indices,Commodites,0.0471,4,0.0081,Inter,False,0.0,True,0.2158828299239916,False,0.0,0.07555899047339705,1,Faible
NAT_GAS,EURJPY,Commodites,FX_G10,0.0493,1,0.0122,Inter,False,0.0,True,0.21545918541784284,False,0.0,0.07541071489624498,1,Faible
USDCHF,DAX,FX_G10,Indices,0.0535,2,0.0071,Inter,False,0.0,True,0.21463017821412697,False,0.0,0.07512056237494444,1,Faible
COPPER,USDJPY,Commodites,FX_G10,0.0502,1,0.0401,Inter,False,0.0,True,0.21343631063827467,False,0.0,0.07470270872339613,1,Faible
GOLD,ASX200,Commodites,Indices,0.0417,1,0.0099,Inter,False,0.0,True,0.20711946239901455,False,0.0,0.07249181183965508,1,Faible
RX_BUND,LEAD,Bonds,Commodites,0.0489,1,0.0133,Inter,False,0.0,True,0.20626325774660245,False,0.0,0.07219214021131086,1,Faible
OAT_FRANCE,USDCHF,Bonds,FX_G10,0.0499,1,0.0103,Inter,False,0.0,True,0.20588862679893016,False,0.0,0.07206101937962556,1,Faible
OAT_FRANCE,LEAD,Bonds,Commodites,0.0486,1,0.0321,Inter,False,0.0,True,0.2028260404477275,False,0.0,0.07098911415670463,1,Faible
OAT_FRANCE,DOWJONES,Bonds,Indices,0.0492,2,0.0336,Inter,False,0.0,True,0.2021682498687975,False,0.0,0.07075888745407911,1,Faible
FTSE100,GOLD,Indices,Commodites,0.0443,2,0.0407,Inter,False,0.0,True,0.2019632969271445,False,0.0,0.07068715392450056,1,Faible
PLATINUM,EURGBP,Commodites,FX_G10,0.0442,1,0.0243,Inter,False,0.0,True,0.19518690690836848,False,0.0,0.06831541741792896,1,Faible
EUROSTOXX50,OAT_FRANCE,Indices,Bonds,0.0528,2,0.0235,Inter,False,0.0,True,0.19277868737189613,False,0.0,0.06747254058016364,1,Faible
RUSSELL2000,GOLD,Indices,Commodites,0.0483,2,0.0012,Inter,False,0.0,True,0.19121121469597785,False,0.0,0.06692392514359224,1,Faible
EURJPY,PLATINUM,FX_G10,Commodites,0.0419,1,0.0302,Inter,False,0.0,True,0.1623532540925179,False,0.0,0.056823638932381265,1,Faible
NAT_GAS,USDSEK,Commodites,FX_G10,0.0415,1,0.0243,Inter,False,0.0,True,0.16050057883324884,False,0.0,0.05617520259163709,1,Faible
FTSE100,NAT_GAS,Indices,Commodites,0.0456,4,0.0009,Inter,False,0.0,True,0.15304872514241483,False,0.0,0.053567053799845187,1,Faible
WTI_CRUDE,EURUSD,Commodites,FX_G10,0.048,2,0.0235,Inter,False,0.0,True,0.15072256453484717,False,0.0,0.05275289758719651,1,Faible
USDCAD,RX_BUND,FX_G10,Bonds,0.0404,1,0.0367,Inter,False,0.0,True,0.1502738532511097,False,0.0,0.052595848637888395,1,Faible
SILVER,GBPJPY,Commodites,FX_G10,0.041,2,0.0197,Inter,False,0.0,True,0.15007942049607537,False,0.0,0.05252779717362638,1,Faible
EUROSTOXX50,GOLD,Indices,Commodites,0.0418,2,0.0025,Inter,False,0.0,True,0.14818415360961876,False,0.0,0.05186445376336656,1,Faible
NAT_GAS,ASX200,Commodites,Indices,0.0363,1,0.0162,Inter,False,0.0,True,0.1423071538547162,False,0.0,0.04980750384915067,1,Faible
DAX,GOLD,Indices,Commodites,0.0442,2,0.0155,Inter,False,0.0,True,0.1402381588990148,False,0.0,0.04908335561465518,1,Faible
NAT_GAS,OAT_FRANCE,Commodites,Bonds,0.0386,1,0.0264,Inter,False,0.0,True,0.13887335243370807,False,0.0,0.04860567335179782,1,Faible
NAT_GAS,EURGBP,Commodites,FX_G10,0.0364,1,0.0269,Inter,False,0.0,True,0.13771645194434595,False,0.0,0.04820075818052108,1,Faible
EUROSTOXX50,NAT_GAS,Indices,Commodites,0.038,4,0.0023,Inter,False,0.0,True,0.13737520445108037,False,0.0,0.04808132155787813,1,Faible
PLATINUM,NAT_GAS,Commodites,Commodites,0.0347,1,0.0063,Intra,False,0.0,True,0.13133458580109628,False,0.0,0.0459671050303837,1,Faible
EURUSD,BRENT_CRUDE,FX_G10,Commodites,0.042,3,0.0181,Inter,False,0.0,True,0.13103005394720674,False,0.0,0.04586051888152236,1,Faible
Contemporain,Contemporain,,,0.2027,0,0.0,Inter,False,0.0,False,0.0,False,0.0,0.0,0,Non confirmée
Contemporain,Contemporain,,,0.454,0,0.0,Inter,False,0.0,False,0.0,False,0.0,0.0,0,Non confirmée
Contemporain,Contemporain,,,0.4942,0,0.0,Inter,False,0.0,False,0.0,False,0.0,0.0,0,Non confirmée
Contemporain,Contemporain,,,0.4773,0,0.0,Inter,False,0.0,False,0.0,False,0.0,0.0,0,Non confirmée
Contemporain,Contemporain,,,0.3344,0,0.0,Inter,False,0.0,False,0.0,False,0.0,0.0,0,Non confirmée
Contemporain,Contemporain,,,0.0423,0,0.0,Inter,False,0.0,False,0.0,False,0.0,0.0,0,Non confirmée
Contemporain,Contemporain,,,0.05,0,0.0,Inter,False,0.0,False,0.0,False,0.0,0.0,0,Non confirmée
Contemporain,Contemporain,,,0.2772,0,0.0,Inter,False,0.0,False,0.0,False,0.0,0.0,0,Non confirmée
Contemporain,Contemporain,,,0.1175,0,0.0,Inter,False,0.0,False,0.0,False,0.0,0.0,0,Non confirmée
Contemporain,Contemporain,,,0.2391,0,0.0,Inter,False,0.0,False,0.0,False,0.0,0.0,0,Non confirmée
Contemporain,Contemporain,,,0.0518,0,0.0,Inter,False,0.0,False,0.0,False,0.0,0.0,0,Non confirmée
Contemporain,Contemporain,,,0.5357,0,0.0,Inter,False,0.0,False,0.0,False,0.0,0.0,0,Non confirmée
Contemporain,Contemporain,,,0.1037,0,0.0,Inter,False,0.0,False,0.0,False,0.0,0.0,0,Non confirmée
Contemporain,Contemporain,,,0.0553,0,0.0,Inter,False,0.0,False,0.0,False,0.0,0.0,0,Non confirmée
Contemporain,Contemporain,,,0.3259,0,0.0,Inter,False,0.0,False,0.0,False,0.0,0.0,0,Non confirmée
Contemporain,Contemporain,,,0.1871,0,0.0,Inter,False,0.0,False,0.0,False,0.0,0.0,0,Non confirmée
Contemporain,Contemporain,,,0.5262,0,0.0,Inter,False,0.0,False,0.0,False,0.0,0.0,0,Non confirmée
Contemporain,Contemporain,,,0.7735,0,0.0,Inter,False,0.0,False,0.0,False,0.0,0.0,0,Non confirmée
Contemporain,Contemporain,,,0.7392,0,0.0,Inter,False,0.0,False,0.0,False,0.0,0.0,0,Non confirmée
Contemporain,Contemporain,,,0.4001,0,0.0,Inter,False,0.0,False,0.0,False,0.0,0.0,0,Non confirmée
Contemporain,Contemporain,,,0.3609,0,0.0,Inter,False,0.0,False,0.0,False,0.0,0.0,0,Non confirmée
Contemporain,Contemporain,,,0.3069,0,0.0,Inter,False,0.0,False,0.0,False,0.0,0.0,0,Non confirmée
Contemporain,Contemporain,,,0.1878,0,0.0,Inter,False,0.0,False,0.0,False,0.0,0.0,0,Non confirmée
Contemporain,Contemporain,,,0.3439,0,0.0,Inter,False,0.0,False,0.0,False,0.0,0.0,0,Non confirmée
Contemporain,Contemporain,,,0.0859,0,0.0,Inter,False,0.0,False,0.0,False,0.0,0.0,0,Non confirmée
Contemporain,Contemporain,,,0.7608,0,0.0,Inter,False,0.0,False,0.0,False,0.0,0.0,0,Non confirmée
Contemporain,Contemporain,,,0.8694,0,0.0,Inter,False,0.0,False,0.0,False,0.0,0.0,0,Non confirmée
Contemporain,Contemporain,,,0.558,0,0.0,Inter,False,0.0,False,0.0,False,0.0,0.0,0,Non confirmée
Contemporain,Contemporain,,,0.4595,0,0.0,Inter,False,0.0,False,0.0,False,0.0,0.0,0,Non confirmée
Contemporain,Contemporain,,,0.7116,0,0.0,Inter,False,0.0,False,0.0,False,0.0,0.0,0,Non confirmée
NAT_GAS,GOLD,Commodites,Commodites,0.0312,3,0.0203,Intra,False,0.0,False,0.0,False,0.0,0.0,0,Non confirmée
Contemporain,Contemporain,,,0.2426,0,0.0,Inter,False,0.0,False,0.0,False,0.0,0.0,0,Non confirmée
Contemporain,Contemporain,,,0.5328,0,0.0,Inter,False,0.0,False,0.0,False,0.0,0.0,0,Non confirmée
Contemporain,Contemporain,,,0.6634,0,0.0,Inter,False,0.0,False,0.0,False,0.0,0.0,0,Non confirmée
Contemporain,Contemporain,,,0.5455,0,0.0,Inter,False,0.0,False,0.0,False,0.0,0.0,0,Non confirmée
Contemporain,Contemporain,,,0.1189,0,0.0,Inter,False,0.0,False,0.0,False,0.0,0.0,0,Non confirmée
Contemporain,Contemporain,,,0.3729,0,0.0,Inter,False,0.0,False,0.0,False,0.0,0.0,0,Non confirmée
Contemporain,Contemporain,,,0.3572,0,0.0,Inter,False,0.0,False,0.0,False,0.0,0.0,0,Non confirmée
Contemporain,Contemporain,,,0.4024,0,0.0,Inter,False,0.0,False,0.0,False,0.0,0.0,0,Non confirmée
Contemporain,Contemporain,,,0.9556,0,0.0,Inter,False,0.0,False,0.0,False,0.0,0.0,0,Non confirmée
Contemporain,Contemporain,,,0.0346,0,0.0,Inter,False,0.0,False,0.0,False,0.0,0.0,0,Non confirmée
Contemporain,Contemporain,,,0.328,0,0.0,Inter,False,0.0,False,0.0,False,0.0,0.0,0,Non confirmée
Contemporain,Contemporain,,,0.0647,0,0.0,Inter,False,0.0,False,0.0,False,0.0,0.0,0,Non confirmée
HANGSENG,USDJPY,Indices,FX_G10,0.0279,4,0.0124,Inter,False,0.0,False,0.0,False,0.0,0.0,0,Non confirmée
Contemporain,Contemporain,,,0.2616,0,0.0,Inter,False,0.0,False,0.0,False,0.0,0.0,0,Non confirmée
Contemporain,Contemporain,,,0.5243,0,0.0,Inter,False,0.0,False,0.0,False,0.0,0.0,0,Non confirmée
Contemporain,Contemporain,,,0.935,0,0.0,Inter,False,0.0,False,0.0,False,0.0,0.0,0,Non confirmée
Contemporain,Contemporain,,,0.2682,0,0.0,Inter,False,0.0,False,0.0,False,0.0,0.0,0,Non confirmée
Contemporain,Contemporain,,,0.2028,0,0.0,Inter,False,0.0,False,0.0,False,0.0,0.0,0,Non confirmée
Contemporain,Contemporain,,,0.4175,0,0.0,Inter,False,0.0,False,0.0,False,0.0,0.0,0,Non confirmée
GOLD,NIKKEI225,Commodites,Indices,0.0376,4,0.0255,Inter,False,0.0,False,0.0,False,0.0,0.0,0,Non confirmée
Contemporain,Contemporain,,,0.38,0,0.0,Inter,False,0.0,False,0.0,False,0.0,0.0,0,Non confirmée
Contemporain,Contemporain,,,0.053,0,0.0,Inter,False,0.0,False,0.0,False,0.0,0.0,0,Non confirmée
Contemporain,Contemporain,,,0.4376,0,0.0,Inter,False,0.0,False,0.0,False,0.0,0.0,0,Non confirmée
Contemporain,Contemporain,,,0.298,0,0.0,Inter,False,0.0,False,0.0,False,0.0,0.0,0,Non confirmée
Contemporain,Contemporain,,,0.3955,0,0.0,Inter,False,0.0,False,0.0,False,0.0,0.0,0,Non confirmée
Contemporain,Contemporain,,,0.2383,0,0.0,Inter,False,0.0,False,0.0,False,0.0,0.0,0,Non confirmée
Contemporain,Contemporain,,,0.9261,0,0.0,Inter,False,0.0,False,0.0,False,0.0,0.0,0,Non confirmée
Contemporain,Contemporain,,,0.1496,0,0.0,Inter,False,0.0,False,0.0,False,0.0,0.0,0,Non confirmée
Contemporain,Contemporain,,,0.8405,0,0.0,Inter,False,0.0,False,0.0,False,0.0,0.0,0,Non confirmée
Contemporain,Contemporain,,,0.8034,0,0.0,Inter,False,0.0,False,0.0,False,0.0,0.0,0,Non confirmée
Contemporain,Contemporain,,,0.6921,0,0.0,Inter,False,0.0,False,0.0,False,0.0,0.0,0,Non confirmée
Contemporain,Contemporain,,,0.1356,0,0.0,Inter,False,0.0,False,0.0,False,0.0,0.0,0,Non confirmée
Contemporain,Contemporain,,,0.5022,0,0.0,Inter,False,0.0,False,0.0,False,0.0,0.0,0,Non confirmée
Contemporain,Contemporain,,,0.1612,0,0.0,Inter,False,0.0,False,0.0,False,0.0,0.0,0,Non confirmée
Contemporain,Contemporain,,,0.1309,0,0.0,Inter,False,0.0,False,0.0,False,0.0,0.0,0,Non confirmée
Contemporain,Contemporain,,,0.3567,0,0.0,Inter,False,0.0,False,0.0,False,0.0,0.0,0,Non confirmée
Contemporain,Contemporain,,,0.0735,0,0.0,Inter,False,0.0,False,0.0,False,0.0,0.0,0,Non confirmée
Contemporain,Contemporain,,,0.6539,0,0.0,Inter,False,0.0,False,0.0,False,0.0,0.0,0,Non confirmée
Contemporain,Contemporain,,,0.1484,0,0.0,Inter,False,0.0,False,0.0,False,0.0,0.0,0,Non confirmée
Contemporain,Contemporain,,,0.1798,0,0.0,Inter,False,0.0,False,0.0,False,0.0,0.0,0,Non confirmée
Contemporain,Contemporain,,,0.5575,0,0.0,Inter,False,0.0,False,0.0,False,0.0,0.0,0,Non confirmée
Contemporain,Contemporain,,,0.8513,0,0.0,Inter,False,0.0,False,0.0,False,0.0,0.0,0,Non confirmée
Contemporain,Contemporain,,,0.1309,0,0.0,Inter,False,0.0,False,0.0,False,0.0,0.0,0,Non confirmée
Contemporain,Contemporain,,,0.177,0,0.0,Inter,False,0.0,False,0.0,False,0.0,0.0,0,Non confirmée
Contemporain,Contemporain,,,0.1175,0,0.0,Inter,False,0.0,False,0.0,False,0.0,0.0,0,Non confirmée
Contemporain,Contemporain,,,0.1723,0,0.0,Inter,False,0.0,False,0.0,False,0.0,0.0,0,Non confirmée
Contemporain,Contemporain,,,0.8182,0,0.0,Inter,False,0.0,False,0.0,False,0.0,0.0,0,Non confirmée
Contemporain,Contemporain,,,0.2386,0,0.0,Inter,False,0.0,False,0.0,False,0.0,0.0,0,Non confirmée
Contemporain,Contemporain,,,0.4342,0,0.0,Inter,False,0.0,False,0.0,False,0.0,0.0,0,Non confirmée
Contemporain,Contemporain,,,0.9645,0,0.0,Inter,False,0.0,False,0.0,False,0.0,0.0,0,Non confirmée
Contemporain,Contemporain,,,0.3377,0,0.0,Inter,False,0.0,False,0.0,False,0.0,0.0,0,Non confirmée
Contemporain,Contemporain,,,0.4393,0,0.0,Inter,False,0.0,False,0.0,False,0.0,0.0,0,Non confirmée
Contemporain,Contemporain,,,0.169,0,0.0,Inter,False,0.0,False,0.0,False,0.0,0.0,0,Non confirmée
Contemporain,Contemporain,,,0.2317,0,0.0,Inter,False,0.0,False,0.0,False,0.0,0.0,0,Non confirmée
Contemporain,Contemporain,,,0.2497,0,0.0,Inter,False,0.0,False,0.0,False,0.0,0.0,0,Non confirmée
Contemporain,Contemporain,,,0.1967,0,0.0,Inter,False,0.0,False,0.0,False,0.0,0.0,0,Non confirmée
Contemporain,Contemporain,,,0.124,0,0.0,Inter,False,0.0,False,0.0,False,0.0,0.0,0,Non confirmée
Contemporain,Contemporain,,,0.1845,0,0.0,Inter,False,0.0,False,0.0,False,0.0,0.0,0,Non confirmée
Contemporain,Contemporain,,,0.3563,0,0.0,Inter,False,0.0,False,0.0,False,0.0,0.0,0,Non confirmée
Contemporain,Contemporain,,,0.2345,0,0.0,Inter,False,0.0,False,0.0,False,0.0,0.0,0,Non confirmée
Contemporain,Contemporain,,,0.2369,0,0.0,Inter,False,0.0,False,0.0,False,0.0,0.0,0,Non confirmée
Contemporain,Contemporain,,,0.258,0,0.0,Inter,False,0.0,False,0.0,False,0.0,0.0,0,Non confirmée
Contemporain,Contemporain,,,0.2258,0,0.0,Inter,False,0.0,False,0.0,False,0.0,0.0,0,Non confirmée
Contemporain,Contemporain,,,0.1474,0,0.0,Inter,False,0.0,False,0.0,False,0.0,0.0,0,Non confirmée
Contemporain,Contemporain,,,0.5342,0,0.0,Inter,False,0.0,False,0.0,False,0.0,0.0,0,Non confirmée
Contemporain,Contemporain,,,0.2421,0,0.0,Inter,False,0.0,False,0.0,False,0.0,0.0,0,Non confirmée
Contemporain,Contemporain,,,0.0945,0,0.0,Inter,False,0.0,False,0.0,False,0.0,0.0,0,Non confirmée
Contemporain,Contemporain,,,0.2545,0,0.0,Inter,False,0.0,False,0.0,False,0.0,0.0,0,Non confirmée
Contemporain,Contemporain,,,0.0821,0,0.0,Inter,False,0.0,False,0.0,False,0.0,0.0,0,Non confirmée
Contemporain,Contemporain,,,0.3746,0,0.0,Inter,False,0.0,False,0.0,False,0.0,0.0,0,Non confirmée
Contemporain,Contemporain,,,0.0746,0,0.0,Inter,False,0.0,False,0.0,False,0.0,0.0,0,Non confirmée
NAT_GAS,USDJPY,Commodites,FX_G10,0.0319,1,0.0024,Inter,False,0.0,False,0.0,False,0.0,0.0,0,Non confirmée
NAT_GAS,USDCHF,Commodites,FX_G10,0.0183,2,0.0157,Inter,False,0.0,False,0.0,False,0.0,0.0,0,Non confirmée
Contemporain,Contemporain,,,0.4994,0,0.0,Inter,False,0.0,False,0.0,False,0.0,0.0,0,Non confirmée
Contemporain,Contemporain,,,0.2331,0,0.0,Inter,False,0.0,False,0.0,False,0.0,0.0,0,Non confirmée
Contemporain,Contemporain,,,0.4935,0,0.0,Inter,False,0.0,False,0.0,False,0.0,0.0,0,Non confirmée
Contemporain,Contemporain,,,0.207,0,0.0,Inter,False,0.0,False,0.0,False,0.0,0.0,0,Non confirmée
NAT_GAS,SILVER,Commodites,Commodites,0.0354,5,0.019,Intra,False,0.0,False,0.0,False,0.0,0.0,0,Non confirmée
Contemporain,Contemporain,,,0.8278,0,0.0,Inter,False,0.0,False,0.0,False,0.0,0.0,0,Non confirmée
Contemporain,Contemporain,,,0.5268,0,0.0,Inter,False,0.0,False,0.0,False,0.0,0.0,0,Non confirmée
Contemporain,Contemporain,,,0.2186,0,0.0,Inter,False,0.0,False,0.0,False,0.0,0.0,0,Non confirmée
Contemporain,Contemporain,,,0.3984,0,0.0,Inter,False,0.0,False,0.0,False,0.0,0.0,0,Non confirmée
Contemporain,Contemporain,,,0.2802,0,0.0,Inter,False,0.0,False,0.0,False,0.0,0.0,0,Non confirmée
Contemporain,Contemporain,,,0.2441,0,0.0,Inter,False,0.0,False,0.0,False,0.0,0.0,0,Non confirmée
Contemporain,Contemporain,,,0.1987,0,0.0,Inter,False,0.0,False,0.0,False,0.0,0.0,0,Non confirmée
Contemporain,Contemporain,,,0.1328,0,0.0,Inter,False,0.0,False,0.0,False,0.0,0.0,0,Non confirmée
Contemporain,Contemporain,,,0.0455,0,0.0,Inter,False,0.0,False,0.0,False,0.0,0.0,0,Non confirmée
Contemporain,Contemporain,,,0.5593,0,0.0,Inter,False,0.0,False,0.0,False,0.0,0.0,0,Non confirmée
Contemporain,Contemporain,,,0.3042,0,0.0,Inter,False,0.0,False,0.0,False,0.0,0.0,0,Non confirmée
Contemporain,Contemporain,,,0.5424,0,0.0,Inter,False,0.0,False,0.0,False,0.0,0.0,0,Non confirmée
Contemporain,Contemporain,,,0.1743,0,0.0,Inter,False,0.0,False,0.0,False,0.0,0.0,0,Non confirmée
Contemporain,Contemporain,,,0.1687,0,0.0,Inter,False,0.0,False,0.0,False,0.0,0.0,0,Non confirmée
Contemporain,Contemporain,,,0.6019,0,0.0,Inter,False,0.0,False,0.0,False,0.0,0.0,0,Non confirmée
Contemporain,Contemporain,,,0.3812,0,0.0,Inter,False,0.0,False,0.0,False,0.0,0.0,0,Non confirmée
Contemporain,Contemporain,,,0.3447,0,0.0,Inter,False,0.0,False,0.0,False,0.0,0.0,0,Non confirmée
Contemporain,Contemporain,,,0.4095,0,0.0,Inter,False,0.0,False,0.0,False,0.0,0.0,0,Non confirmée
Contemporain,Contemporain,,,0.6127,0,0.0,Inter,False,0.0,False,0.0,False,0.0,0.0,0,Non confirmée
Contemporain,Contemporain,,,0.3233,0,0.0,Inter,False,0.0,False,0.0,False,0.0,0.0,0,Non confirmée
Contemporain,Contemporain,,,0.3798,0,0.0,Inter,False,0.0,False,0.0,False,0.0,0.0,0,Non confirmée
Contemporain,Contemporain,,,0.0498,0,0.0,Inter,False,0.0,False,0.0,False,0.0,0.0,0,Non confirmée
Contemporain,Contemporain,,,0.3503,0,0.0,Inter,False,0.0,False,0.0,False,0.0,0.0,0,Non confirmée
Contemporain,Contemporain,,,0.0637,0,0.0,Inter,False,0.0,False,0.0,False,0.0,0.0,0,Non confirmée
Contemporain,Contemporain,,,0.5113,0,0.0,Inter,False,0.0,False,0.0,False,0.0,0.0,0,Non confirmée
Contemporain,Contemporain,,,0.0596,0,0.0,Inter,False,0.0,False,0.0,False,0.0,0.0,0,Non confirmée
Contemporain,Contemporain,,,0.2163,0,0.0,Inter,False,0.0,False,0.0,False,0.0,0.0,0,Non confirmée
Contemporain,Contemporain,,,0.9517,0,0.0,Inter,False,0.0,False,0.0,False,0.0,0.0,0,Non confirmée
Contemporain,Contemporain,,,0.55,0,0.0,Inter,False,0.0,False,0.0,False,0.0,0.0,0,Non confirmée
Contemporain,Contemporain,,,0.5832,0,0.0,Inter,False,0.0,False,0.0,False,0.0,0.0,0,Non confirmée
Contemporain,Contemporain,,,0.0838,0,0.0,Inter,False,0.0,False,0.0,False,0.0,0.0,0,Non confirmée
Contemporain,Contemporain,,,0.1439,0,0.0,Inter,False,0.0,False,0.0,False,0.0,0.0,0,Non confirmée
ZINC,EURCHF,Commodites,FX_G10,0.028,4,0.0204,Inter,False,0.0,False,0.0,False,0.0,0.0,0,Non confirmée
Contemporain,Contemporain,,,0.1151,0,0.0,Inter,False,0.0,False,0.0,False,0.0,0.0,0,Non confirmée
Contemporain,Contemporain,,,0.2405,0,0.0,Inter,False,0.0,False,0.0,False,0.0,0.0,0,Non confirmée
Contemporain,Contemporain,,,0.1586,0,0.0,Inter,False,0.0,False,0.0,False,0.0,0.0,0,Non confirmée
Contemporain,Contemporain,,,0.1946,0,0.0,Inter,False,0.0,False,0.0,False,0.0,0.0,0,Non confirmée
Contemporain,Contemporain,,,0.2241,0,0.0,Inter,False,0.0,False,0.0,False,0.0,0.0,0,Non confirmée
Contemporain,Contemporain,,,0.207,0,0.0,Inter,False,0.0,False,0.0,False,0.0,0.0,0,Non confirmée
Contemporain,Contemporain,,,0.1506,0,0.0,Inter,False,0.0,False,0.0,False,0.0,0.0,0,Non confirmée
Contemporain,Contemporain,,,0.1195,0,0.0,Inter,False,0.0,False,0.0,False,0.0,0.0,0,Non confirmée
ZINC,USDJPY,Commodites,FX_G10,0.024,5,0.0015,Inter,False,0.0,False,0.0,False,0.0,0.0,0,Non confirmée
Contemporain,Contemporain,,,0.2508,0,0.0,Inter,False,0.0,False,0.0,False,0.0,0.0,0,Non confirmée
Contemporain,Contemporain,,,0.2586,0,0.0,Inter,False,0.0,False,0.0,False,0.0,0.0,0,Non confirmée
Contemporain,Contemporain,,,0.4936,0,0.0,Inter,False,0.0,False,0.0,False,0.0,0.0,0,Non confirmée
Contemporain,Contemporain,,,0.1441,0,0.0,Inter,False,0.0,False,0.0,False,0.0,0.0,0,Non confirmée
Contemporain,Contemporain,,,0.16,0,0.0,Inter,False,0.0,False,0.0,False,0.0,0.0,0,Non confirmée
Contemporain,Contemporain,,,0.1578,0,0.0,Inter,False,0.0,False,0.0,False,0.0,0.0,0,Non confirmée
Contemporain,Contemporain,,,0.1829,0,0.0,Inter,False,0.0,False,0.0,False,0.0,0.0,0,Non confirmée
Contemporain,Contemporain,,,0.5046,0,0.0,Inter,False,0.0,False,0.0,False,0.0,0.0,0,Non confirmée
OAT_FRANCE,VIX,Bonds,Indices,0.0249,1,0.0173,Inter,False,0.0,False,0.0,False,0.0,0.0,0,Non confirmée
Contemporain,Contemporain,,,0.0474,0,0.0,Inter,False,0.0,False,0.0,False,0.0,0.0,0,Non confirmée
Contemporain,Contemporain,,,0.0585,0,0.0,Inter,False,0.0,False,0.0,False,0.0,0.0,0,Non confirmée
Contemporain,Contemporain,,,0.0495,0,0.0,Inter,False,0.0,False,0.0,False,0.0,0.0,0,Non confirmée
Contemporain,Contemporain,,,0.0676,0,0.0,Inter,False,0.0,False,0.0,False,0.0,0.0,0,Non confirmée
Contemporain,Contemporain,,,0.0625,0,0.0,Inter,False,0.0,False,0.0,False,0.0,0.0,0,Non confirmée
Contemporain,Contemporain,,,0.0371,0,0.0,Inter,False,0.0,False,0.0,False,0.0,0.0,0,Non confirmée
OAT_FRANCE,USDCAD,Bonds,FX_G10,0.0229,2,0.0222,Inter,False,0.0,False,0.0,False,0.0,0.0,0,Non confirmée
Contemporain,Contemporain,,,0.1195,0,0.0,Inter,False,0.0,False,0.0,False,0.0,0.0,0,Non confirmée
Contemporain,Contemporain,,,0.0701,0,0.0,Inter,False,0.0,False,0.0,False,0.0,0.0,0,Non confirmée
Contemporain,Contemporain,,,0.0668,0,0.0,Inter,False,0.0,False,0.0,False,0.0,0.0,0,Non confirmée
Contemporain,Contemporain,,,0.1388,0,0.0,Inter,False,0.0,False,0.0,False,0.0,0.0,0,Non confirmée
Contemporain,Contemporain,,,0.2055,0,0.0,Inter,False,0.0,False,0.0,False,0.0,0.0,0,Non confirmée
Contemporain,Contemporain,,,0.5344,0,0.0,Inter,False,0.0,False,0.0,False,0.0,0.0,0,Non confirmée
Contemporain,Contemporain,,,0.1748,0,0.0,Inter,False,0.0,False,0.0,False,0.0,0.0,0,Non confirmée
Contemporain,Contemporain,,,0.4661,0,0.0,Inter,False,0.0,False,0.0,False,0.0,0.0,0,Non confirmée
Contemporain,Contemporain,,,0.466,0,0.0,Inter,False,0.0,False,0.0,False,0.0,0.0,0,Non confirmée
AUDJPY,GOLD,FX_G10,Commodites,0.0386,3,0.0238,Inter,False,0.0,False,0.0,False,0.0,0.0,0,Non confirmée
Contemporain,Contemporain,,,0.2831,0,0.0,Inter,False,0.0,False,0.0,False,0.0,0.0,0,Non confirmée
Contemporain,Contemporain,,,0.6775,0,0.0,Inter,False,0.0,False,0.0,False,0.0,0.0,0,Non confirmée
Contemporain,Contemporain,,,0.1394,0,0.0,Inter,False,0.0,False,0.0,False,0.0,0.0,0,Non confirmée
Contemporain,Contemporain,,,0.6528,0,0.0,Inter,False,0.0,False,0.0,False,0.0,0.0,0,Non confirmée
Contemporain,Contemporain,,,0.1668,0,0.0,Inter,False,0.0,False,0.0,False,0.0,0.0,0,Non confirmée
Contemporain,Contemporain,,,0.1982,0,0.0,Inter,False,0.0,False,0.0,False,0.0,0.0,0,Non confirmée
Contemporain,Contemporain,,,0.6632,0,0.0,Inter,False,0.0,False,0.0,False,0.0,0.0,0,Non confirmée
Contemporain,Contemporain,,,0.1155,0,0.0,Inter,False,0.0,False,0.0,False,0.0,0.0,0,Non confirmée
Contemporain,Contemporain,,,0.1397,0,0.0,Inter,False,0.0,False,0.0,False,0.0,0.0,0,Non confirmée
Contemporain,Contemporain,,,0.1019,0,0.0,Inter,False,0.0,False,0.0,False,0.0,0.0,0,Non confirmée
Contemporain,Contemporain,,,0.1321,0,0.0,Inter,False,0.0,False,0.0,False,0.0,0.0,0,Non confirmée
Contemporain,Contemporain,,,0.1595,0,0.0,Inter,False,0.0,False,0.0,False,0.0,0.0,0,Non confirmée
Contemporain,Contemporain,,,0.1452,0,0.0,Inter,False,0.0,False,0.0,False,0.0,0.0,0,Non confirmée
Contemporain,Contemporain,,,0.1472,0,0.0,Inter,False,0.0,False,0.0,False,0.0,0.0,0,Non confirmée
Contemporain,Contemporain,,,0.1065,0,0.0,Inter,False,0.0,False,0.0,False,0.0,0.0,0,Non confirmée
LEAD,USDJPY,Commodites,FX_G10,0.0315,1,0.0167,Inter,False,0.0,False,0.0,False,0.0,0.0,0,Non confirmée
Contemporain,Contemporain,,,0.1684,0,0.0,Inter,False,0.0,False,0.0,False,0.0,0.0,0,Non confirmée
Contemporain,Contemporain,,,0.1782,0,0.0,Inter,False,0.0,False,0.0,False,0.0,0.0,0,Non confirmée
Contemporain,Contemporain,,,0.07,0,0.0,Inter,False,0.0,False,0.0,False,0.0,0.0,0,Non confirmée
Contemporain,Contemporain,,,0.3664,0,0.0,Inter,False,0.0,False,0.0,False,0.0,0.0,0,Non confirmée
Contemporain,Contemporain,,,0.0948,0,0.0,Inter,False,0.0,False,0.0,False,0.0,0.0,0,Non confirmée
Contemporain,Contemporain,,,0.0579,0,0.0,Inter,False,0.0,False,0.0,False,0.0,0.0,0,Non confirmée
LEAD,EURCHF,Commodites,FX_G10,0.0297,5,0.0134,Inter,False,0.0,False,0.0,False,0.0,0.0,0,Non confirmée
Contemporain,Contemporain,,,0.0842,0,0.0,Inter,False,0.0,False,0.0,False,0.0,0.0,0,Non confirmée
Contemporain,Contemporain,,,0.094,0,0.0,Inter,False,0.0,False,0.0,False,0.0,0.0,0,Non confirmée
Contemporain,Contemporain,,,0.1837,0,0.0,Inter,False,0.0,False,0.0,False,0.0,0.0,0,Non confirmée
EURUSD,OAT_FRANCE,FX_G10,Bonds,0.0475,4,0.016,Inter,False,0.0,False,0.0,False,0.0,0.0,0,Non confirmée
Contemporain,Contemporain,,,0.0951,0,0.0,Inter,False,0.0,False,0.0,False,0.0,0.0,0,Non confirmée
Contemporain,Contemporain,,,0.1815,0,0.0,Inter,False,0.0,False,0.0,False,0.0,0.0,0,Non confirmée
Contemporain,Contemporain,,,0.0458,0,0.0,Inter,False,0.0,False,0.0,False,0.0,0.0,0,Non confirmée
Contemporain,Contemporain,,,0.0849,0,0.0,Inter,False,0.0,False,0.0,False,0.0,0.0,0,Non confirmée
Contemporain,Contemporain,,,0.0934,0,0.0,Inter,False,0.0,False,0.0,False,0.0,0.0,0,Non confirmée
AUDUSD,RX_BUND,FX_G10,Bonds,0.0296,3,0.0102,Inter,False,0.0,False,0.0,False,0.0,0.0,0,Non confirmée
Contemporain,Contemporain,,,0.0497,0,0.0,Inter,False,0.0,False,0.0,False,0.0,0.0,0,Non confirmée
Contemporain,Contemporain,,,0.7484,0,0.0,Inter,False,0.0,False,0.0,False,0.0,0.0,0,Non confirmée
Contemporain,Contemporain,,,0.6644,0,0.0,Inter,False,0.0,False,0.0,False,0.0,0.0,0,Non confirmée
Contemporain,Contemporain,,,0.1636,0,0.0,Inter,False,0.0,False,0.0,False,0.0,0.0,0,Non confirmée
Contemporain,Contemporain,,,0.1924,0,0.0,Inter,False,0.0,False,0.0,False,0.0,0.0,0,Non confirmée
Contemporain,Contemporain,,,0.1289,0,0.0,Inter,False,0.0,False,0.0,False,0.0,0.0,0,Non confirmée
Contemporain,Contemporain,,,0.1042,0,0.0,Inter,False,0.0,False,0.0,False,0.0,0.0,0,Non confirmée
Contemporain,Contemporain,,,0.0882,0,0.0,Inter,False,0.0,False,0.0,False,0.0,0.0,0,Non confirmée
Contemporain,Contemporain,,,0.1538,0,0.0,Inter,False,0.0,False,0.0,False,0.0,0.0,0,Non confirmée
Contemporain,Contemporain,,,0.1969,0,0.0,Inter,False,0.0,False,0.0,False,0.0,0.0,0,Non confirmée
Contemporain,Contemporain,,,0.1033,0,0.0,Inter,False,0.0,False,0.0,False,0.0,0.0,0,Non confirmée
Contemporain,Contemporain,,,0.1966,0,0.0,Inter,False,0.0,False,0.0,False,0.0,0.0,0,Non confirmée
Contemporain,Contemporain,,,0.1763,0,0.0,Inter,False,0.0,False,0.0,False,0.0,0.0,0,Non confirmée
Contemporain,Contemporain,,,0.0837,0,0.0,Inter,False,0.0,False,0.0,False,0.0,0.0,0,Non confirmée
Contemporain,Contemporain,,,0.1633,0,0.0,Inter,False,0.0,False,0.0,False,0.0,0.0,0,Non confirmée
Contemporain,Contemporain,,,0.0798,0,0.0,Inter,False,0.0,False,0.0,False,0.0,0.0,0,Non confirmée
NAT_GAS,TY_US10Y,Commodites,Bonds,0.0368,3,0.0211,Inter,False,0.0,False,0.0,False,0.0,0.0,0,Non confirmée
Contemporain,Contemporain,,,0.0597,0,0.0,Inter,False,0.0,False,0.0,False,0.0,0.0,0,Non confirmée
Contemporain,Contemporain,,,0.3167,0,0.0,Inter,False,0.0,False,0.0,False,0.0,0.0,0,Non confirmée
Contemporain,Contemporain,,,0.1565,0,0.0,Inter,False,0.0,False,0.0,False,0.0,0.0,0,Non confirmée
Contemporain,Contemporain,,,0.1829,0,0.0,Inter,False,0.0,False,0.0,False,0.0,0.0,0,Non confirmée
LEAD,TY_US10Y,Commodites,Bonds,0.0361,4,0.0126,Inter,False,0.0,False,0.0,False,0.0,0.0,0,Non confirmée
TY_US10Y,ZINC,Bonds,Commodites,0.0405,4,0.0001,Inter,False,0.0,False,0.0,False,0.0,0.0,0,Non confirmée
Contemporain,Contemporain,,,0.5242,0,0.0,Inter,False,0.0,False,0.0,False,0.0,0.0,0,Non confirmée
Contemporain,Contemporain,,,0.1944,0,0.0,Inter,False,0.0,False,0.0,False,0.0,0.0,0,Non confirmée
Contemporain,Contemporain,,,0.0852,0,0.0,Inter,False,0.0,False,0.0,False,0.0,0.0,0,Non confirmée
Contemporain,Contemporain,,,0.0539,0,0.0,Inter,False,0.0,False,0.0,False,0.0,0.0,0,Non confirmée
Contemporain,Contemporain,,,0.0978,0,0.0,Inter,False,0.0,False,0.0,False,0.0,0.0,0,Non confirmée
Contemporain,Contemporain,,,0.0582,0,0.0,Inter,False,0.0,False,0.0,False,0.0,0.0,0,Non confirmée
Contemporain,Contemporain,,,0.0963,0,0.0,Inter,False,0.0,False,0.0,False,0.0,0.0,0,Non confirmée
Contemporain,Contemporain,,,0.0504,0,0.0,Inter,False,0.0,False,0.0,False,0.0,0.0,0,Non confirmée
Contemporain,Contemporain,,,0.0925,0,0.0,Inter,False,0.0,False,0.0,False,0.0,0.0,0,Non confirmée
Contemporain,Contemporain,,,0.0649,0,0.0,Inter,False,0.0,False,0.0,False,0.0,0.0,0,Non confirmée
Contemporain,Contemporain,,,0.0965,0,0.0,Inter,False,0.0,False,0.0,False,0.0,0.0,0,Non confirmée
Contemporain,Contemporain,,,0.0471,0,0.0,Inter,False,0.0,False,0.0,False,0.0,0.0,0,Non confirmée
Contemporain,Contemporain,,,0.0756,0,0.0,Inter,False,0.0,False,0.0,False,0.0,0.0,0,Non confirmée
G_GILT,USDCAD,Bonds,FX_G10,0.0315,3,0.0122,Inter,False,0.0,False,0.0,False,0.0,0.0,0,Non confirmée
Contemporain,Contemporain,,,0.1089,0,0.0,Inter,False,0.0,False,0.0,False,0.0,0.0,0,Non confirmée
Contemporain,Contemporain,,,0.0623,0,0.0,Inter,False,0.0,False,0.0,False,0.0,0.0,0,Non confirmée
NAT_GAS,G_GILT,Commodites,Bonds,0.0336,1,0.025,Inter,False,0.0,False,0.0,False,0.0,0.0,0,Non confirmée
Contemporain,Contemporain,,,0.0637,0,0.0,Inter,False,0.0,False,0.0,False,0.0,0.0,0,Non confirmée
Contemporain,Contemporain,,,0.2015,0,0.0,Inter,False,0.0,False,0.0,False,0.0,0.0,0,Non confirmée
Contemporain,Contemporain,,,0.0582,0,0.0,Inter,False,0.0,False,0.0,False,0.0,0.0,0,Non confirmée
Contemporain,Contemporain,,,0.0889,0,0.0,Inter,False,0.0,False,0.0,False,0.0,0.0,0,Non confirmée
Contemporain,Contemporain,,,0.1028,0,0.0,Inter,False,0.0,False,0.0,False,0.0,0.0,0,Non confirmée
LEAD,G_GILT,Commodites,Bonds,0.0431,4,0.0105,Inter,False,0.0,False,0.0,False,0.0,0.0,0,Non confirmée
ZINC,G_GILT,Commodites,Bonds,0.0386,4,0.0012,Inter,False,0.0,False,0.0,False,0.0,0.0,0,Non confirmée
Contemporain,Contemporain,,,0.605,0,0.0,Inter,False,0.0,False,0.0,False,0.0,0.0,0,Non confirmée
Contemporain,Contemporain,,,0.0637,0,0.0,Inter,False,0.0,False,0.0,False,0.0,0.0,0,Non confirmée
Contemporain,Contemporain,,,0.1395,0,0.0,Inter,False,0.0,False,0.0,False,0.0,0.0,0,Non confirmée
Contemporain,Contemporain,,,0.0574,0,0.0,Inter,False,0.0,False,0.0,False,0.0,0.0,0,Non confirmée
Contemporain,Contemporain,,,0.0813,0,0.0,Inter,False,0.0,False,0.0,False,0.0,0.0,0,Non confirmée
Contemporain,Contemporain,,,0.1268,0,0.0,Inter,False,0.0,False,0.0,False,0.0,0.0,0,Non confirmée
Contemporain,Contemporain,,,0.1329,0,0.0,Inter,False,0.0,False,0.0,False,0.0,0.0,0,Non confirmée
Contemporain,Contemporain,,,0.1331,0,0.0,Inter,False,0.0,False,0.0,False,0.0,0.0,0,Non confirmée
Contemporain,Contemporain,,,0.0455,0,0.0,Inter,False,0.0,False,0.0,False,0.0,0.0,0,Non confirmée
Contemporain,Contemporain,,,0.2505,0,0.0,Inter,False,0.0,False,0.0,False,0.0,0.0,0,Non confirmée
Contemporain,Contemporain,,,0.1752,0,0.0,Inter,False,0.0,False,0.0,False,0.0,0.0,0,Non confirmée
Contemporain,Contemporain,,,0.0754,0,0.0,Inter,False,0.0,False,0.0,False,0.0,0.0,0,Non confirmée
Contemporain,Contemporain,,,0.0868,0,0.0,Inter,False,0.0,False,0.0,False,0.0,0.0,0,Non confirmée
Contemporain,Contemporain,,,0.3465,0,0.0,Inter,False,0.0,False,0.0,False,0.0,0.0,0,Non confirmée
Contemporain,Contemporain,,,0.1797,0,0.0,Inter,False,0.0,False,0.0,False,0.0,0.0,0,Non confirmée
Contemporain,Contemporain,,,0.6098,0,0.0,Inter,False,0.0,False,0.0,False,0.0,0.0,0,Non confirmée
Contemporain,Contemporain,,,0.0608,0,0.0,Inter,False,0.0,False,0.0,False,0.0,0.0,0,Non confirmée
Contemporain,Contemporain,,,0.2315,0,0.0,Inter,False,0.0,False,0.0,False,0.0,0.0,0,Non confirmée
EURJPY,SILVER,FX_G10,Commodites,0.0301,1,0.0234,Inter,False,0.0,False,0.0,False,0.0,0.0,0,Non confirmée
Contemporain,Contemporain,,,0.1448,0,0.0,Inter,False,0.0,False,0.0,False,0.0,0.0,0,Non confirmée
Contemporain,Contemporain,,,0.267,0,0.0,Inter,False,0.0,False,0.0,False,0.0,0.0,0,Non confirmée
Contemporain,Contemporain,,,0.726,0,0.0,Inter,False,0.0,False,0.0,False,0.0,0.0,0,Non confirmée
Contemporain,Contemporain,,,0.4431,0,0.0,Inter,False,0.0,False,0.0,False,0.0,0.0,0,Non confirmée
Contemporain,Contemporain,,,0.1336,0,0.0,Inter,False,0.0,False,0.0,False,0.0,0.0,0,Non confirmée
Contemporain,Contemporain,,,0.1174,0,0.0,Inter,False,0.0,False,0.0,False,0.0,0.0,0,Non confirmée
Contemporain,Contemporain,,,0.1014,0,0.0,Inter,False,0.0,False,0.0,False,0.0,0.0,0,Non confirmée
Contemporain,Contemporain,,,0.2496,0,0.0,Inter,False,0.0,False,0.0,False,0.0,0.0,0,Non confirmée
Contemporain,Contemporain,,,0.1293,0,0.0,Inter,False,0.0,False,0.0,False,0.0,0.0,0,Non confirmée
Contemporain,Contemporain,,,0.0811,0,0.0,Inter,False,0.0,False,0.0,False,0.0,0.0,0,Non confirmée
EURGBP,SILVER,FX_G10,Commodites,0.0346,3,0.009,Inter,False,0.0,False,0.0,False,0.0,0.0,0,Non confirmée
Contemporain,Contemporain,,,0.5479,0,0.0,Inter,False,0.0,False,0.0,False,0.0,0.0,0,Non confirmée
EURGBP,GOLD,FX_G10,Commodites,0.044,3,0.0406,Inter,False,0.0,False,0.0,False,0.0,0.0,0,Non confirmée
Contemporain,Contemporain,,,0.493,0,0.0,Inter,False,0.0,False,0.0,False,0.0,0.0,0,Non confirmée
Contemporain,Contemporain,,,0.4979,0,0.0,Inter,False,0.0,False,0.0,False,0.0,0.0,0,Non confirmée
Contemporain,Contemporain,,,0.2476,0,0.0,Inter,False,0.0,False,0.0,False,0.0,0.0,0,Non confirmée
Contemporain,Contemporain,,,0.1162,0,0.0,Inter,False,0.0,False,0.0,False,0.0,0.0,0,Non confirmée
Contemporain,Contemporain,,,0.1433,0,0.0,Inter,False,0.0,False,0.0,False,0.0,0.0,0,Non confirmée
Contemporain,Contemporain,,,0.0869,0,0.0,Inter,False,0.0,False,0.0,False,0.0,0.0,0,Non confirmée
Contemporain,Contemporain,,,0.0432,0,0.0,Inter,False,0.0,False,0.0,False,0.0,0.0,0,Non confirmée
Contemporain,Contemporain,,,0.082,0,0.0,Inter,False,0.0,False,0.0,False,0.0,0.0,0,Non confirmée
Contemporain,Contemporain,,,0.1329,0,0.0,Inter,False,0.0,False,0.0,False,0.0,0.0,0,Non confirmée
Contemporain,Contemporain,,,0.1613,0,0.0,Inter,False,0.0,False,0.0,False,0.0,0.0,0,Non confirmée
Contemporain,Contemporain,,,0.2781,0,0.0,Inter,False,0.0,False,0.0,False,0.0,0.0,0,Non confirmée
Contemporain,Contemporain,,,0.0553,0,0.0,Inter,False,0.0,False,0.0,False,0.0,0.0,0,Non confirmée
Contemporain,Contemporain,,,0.1315,0,0.0,Inter,False,0.0,False,0.0,False,0.0,0.0,0,Non confirmée
Contemporain,Contemporain,,,0.5855,0,0.0,Inter,False,0.0,False,0.0,False,0.0,0.0,0,Non confirmée
Contemporain,Contemporain,,,0.2982,0,0.0,Inter,False,0.0,False,0.0,False,0.0,0.0,0,Non confirmée
Contemporain,Contemporain,,,0.2775,0,0.0,Inter,False,0.0,False,0.0,False,0.0,0.0,0,Non confirmée
Contemporain,Contemporain,,,0.401,0,0.0,Inter,False,0.0,False,0.0,False,0.0,0.0,0,Non confirmée
Contemporain,Contemporain,,,0.4826,0,0.0,Inter,False,0.0,False,0.0,False,0.0,0.0,0,Non confirmée
Contemporain,Contemporain,,,0.5561,0,0.0,Inter,False,0.0,False,0.0,False,0.0,0.0,0,Non confirmée
Contemporain,Contemporain,,,0.3356,0,0.0,Inter,False,0.0,False,0.0,False,0.0,0.0,0,Non confirmée
Contemporain,Contemporain,,,0.1601,0,0.0,Inter,False,0.0,False,0.0,False,0.0,0.0,0,Non confirmée
Contemporain,Contemporain,,,0.1628,0,0.0,Inter,False,0.0,False,0.0,False,0.0,0.0,0,Non confirmée
Contemporain,Contemporain,,,0.2227,0,0.0,Inter,False,0.0,False,0.0,False,0.0,0.0,0,Non confirmée
Contemporain,Contemporain,,,0.1644,0,0.0,Inter,False,0.0,False,0.0,False,0.0,0.0,0,Non confirmée
Contemporain,Contemporain,,,0.5885,0,0.0,Inter,False,0.0,False,0.0,False,0.0,0.0,0,Non confirmée
Contemporain,Contemporain,,,0.2625,0,0.0,Inter,False,0.0,False,0.0,False,0.0,0.0,0,Non confirmée
Contemporain,Contemporain,,,0.6187,0,0.0,Inter,False,0.0,False,0.0,False,0.0,0.0,0,Non confirmée
Contemporain,Contemporain,,,0.1834,0,0.0,Inter,False,0.0,False,0.0,False,0.0,0.0,0,Non confirmée
Contemporain,Contemporain,,,0.6122,0,0.0,Inter,False,0.0,False,0.0,False,0.0,0.0,0,Non confirmée
EURUSD,VIX,FX_G10,Indices,0.0386,2,0.036,Inter,False,0.0,False,0.0,False,0.0,0.0,0,Non confirmée
EURUSD,NIKKEI225,FX_G10,Indices,0.0306,5,0.0306,Inter,False,0.0,False,0.0,False,0.0,0.0,0,Non confirmée
Contemporain,Contemporain,,,0.1341,0,0.0,Inter,False,0.0,False,0.0,False,0.0,0.0,0,Non confirmée
EURUSD,ASX200,FX_G10,Indices,0.0299,3,0.0025,Inter,False,0.0,False,0.0,False,0.0,0.0,0,Non confirmée
Contemporain,Contemporain,,,0.7657,0,0.0,Inter,False,0.0,False,0.0,False,0.0,0.0,0,Non confirmée
Contemporain,Contemporain,,,0.3212,0,0.0,Inter,False,0.0,False,0.0,False,0.0,0.0,0,Non confirmée
Contemporain,Contemporain,,,0.436,0,0.0,Inter,False,0.0,False,0.0,False,0.0,0.0,0,Non confirmée
Contemporain,Contemporain,,,0.6093,0,0.0,Inter,False,0.0,False,0.0,False,0.0,0.0,0,Non confirmée
Contemporain,Contemporain,,,0.4626,0,0.0,Inter,False,0.0,False,0.0,False,0.0,0.0,0,Non confirmée
Contemporain,Contemporain,,,0.555,0,0.0,Inter,False,0.0,False,0.0,False,0.0,0.0,0,Non confirmée
NAT_GAS,EURUSD,Commodites,FX_G10,0.0266,4,0.0165,Inter,False,0.0,False,0.0,False,0.0,0.0,0,Non confirmée
Contemporain,Contemporain,,,0.1841,0,0.0,Inter,False,0.0,False,0.0,False,0.0,0.0,0,Non confirmée
Contemporain,Contemporain,,,0.0817,0,0.0,Inter,False,0.0,False,0.0,False,0.0,0.0,0,Non confirmée
Contemporain,Contemporain,,,0.1327,0,0.0,Inter,False,0.0,False,0.0,False,0.0,0.0,0,Non confirmée
Contemporain,Contemporain,,,0.6064,0,0.0,Inter,False,0.0,False,0.0,False,0.0,0.0,0,Non confirmée
Contemporain,Contemporain,,,0.2937,0,0.0,Inter,False,0.0,False,0.0,False,0.0,0.0,0,Non confirmée
Contemporain,Contemporain,,,0.2429,0,0.0,Inter,False,0.0,False,0.0,False,0.0,0.0,0,Non confirmée
Contemporain,Contemporain,,,0.2754,0,0.0,Inter,False,0.0,False,0.0,False,0.0,0.0,0,Non confirmée
Contemporain,Contemporain,,,0.1478,0,0.0,Inter,False,0.0,False,0.0,False,0.0,0.0,0,Non confirmée
Contemporain,Contemporain,,,0.1596,0,0.0,Inter,False,0.0,False,0.0,False,0.0,0.0,0,Non confirmée
Contemporain,Contemporain,,,0.1939,0,0.0,Inter,False,0.0,False,0.0,False,0.0,0.0,0,Non confirmée
Contemporain,Contemporain,,,0.0828,0,0.0,Inter,False,0.0,False,0.0,False,0.0,0.0,0,Non confirmée
Contemporain,Contemporain,,,0.2532,0,0.0,Inter,False,0.0,False,0.0,False,0.0,0.0,0,Non confirmée
Contemporain,Contemporain,,,0.0844,0,0.0,Inter,False,0.0,False,0.0,False,0.0,0.0,0,Non confirmée
Contemporain,Contemporain,,,0.8914,0,0.0,Inter,False,0.0,False,0.0,False,0.0,0.0,0,Non confirmée
Contemporain,Contemporain,,,0.253,0,0.0,Inter,False,0.0,False,0.0,False,0.0,0.0,0,Non confirmée
Contemporain,Contemporain,,,0.2928,0,0.0,Inter,False,0.0,False,0.0,False,0.0,0.0,0,Non confirmée
Contemporain,Contemporain,,,0.2032,0,0.0,Inter,False,0.0,False,0.0,False,0.0,0.0,0,Non confirmée
Contemporain,Contemporain,,,0.3772,0,0.0,Inter,False,0.0,False,0.0,False,0.0,0.0,0,Non confirmée
Contemporain,Contemporain,,,0.5868,0,0.0,Inter,False,0.0,False,0.0,False,0.0,0.0,0,Non confirmée
Contemporain,Contemporain,,,0.2762,0,0.0,Inter,False,0.0,False,0.0,False,0.0,0.0,0,Non confirmée
Contemporain,Contemporain,,,0.3702,0,0.0,Inter,False,0.0,False,0.0,False,0.0,0.0,0,Non confirmée
Contemporain,Contemporain,,,0.6855,0,0.0,Inter,False,0.0,False,0.0,False,0.0,0.0,0,Non confirmée
Contemporain,Contemporain,,,0.8354,0,0.0,Inter,False,0.0,False,0.0,False,0.0,0.0,0,Non confirmée
Contemporain,Contemporain,,,0.5684,0,0.0,Inter,False,0.0,False,0.0,False,0.0,0.0,0,Non confirmée
Contemporain,Contemporain,,,0.2505,0,0.0,Inter,False,0.0,False,0.0,False,0.0,0.0,0,Non confirmée
Contemporain,Contemporain,,,0.5448,0,0.0,Inter,False,0.0,False,0.0,False,0.0,0.0,0,Non confirmée
Contemporain,Contemporain,,,0.2027,0,0.0,Inter,False,0.0,False,0.0,False,0.0,0.0,0,Non confirmée
Contemporain,Contemporain,,,0.097,0,0.0,Inter,False,0.0,False,0.0,False,0.0,0.0,0,Non confirmée
Contemporain,Contemporain,,,0.1084,0,0.0,Inter,False,0.0,False,0.0,False,0.0,0.0,0,Non confirmée
Contemporain,Contemporain,,,0.4249,0,0.0,Inter,False,0.0,False,0.0,False,0.0,0.0,0,Non confirmée
Contemporain,Contemporain,,,0.2687,0,0.0,Inter,False,0.0,False,0.0,False,0.0,0.0,0,Non confirmée
Contemporain,Contemporain,,,0.2276,0,0.0,Inter,False,0.0,False,0.0,False,0.0,0.0,0,Non confirmée
Contemporain,Contemporain,,,0.2005,0,0.0,Inter,False,0.0,False,0.0,False,0.0,0.0,0,Non confirmée
Contemporain,Contemporain,,,0.2661,0,0.0,Inter,False,0.0,False,0.0,False,0.0,0.0,0,Non confirmée
Contemporain,Contemporain,,,0.1237,0,0.0,Inter,False,0.0,False,0.0,False,0.0,0.0,0,Non confirmée
Contemporain,Contemporain,,,0.1927,0,0.0,Inter,False,0.0,False,0.0,False,0.0,0.0,0,Non confirmée
Contemporain,Contemporain,,,0.104,0,0.0,Inter,False,0.0,False,0.0,False,0.0,0.0,0,Non confirmée
EURCHF,SILVER,FX_G10,Commodites,0.0279,4,0.005,Inter,False,0.0,False,0.0,False,0.0,0.0,0,Non confirmée
EURCHF,PLATINUM,FX_G10,Commodites,0.026,2,0.0147,Inter,False,0.0,False,0.0,False,0.0,0.0,0,Non confirmée
Contemporain,Contemporain,,,0.071,0,0.0,Inter,False,0.0,False,0.0,False,0.0,0.0,0,Non confirmée
NAT_GAS,EURCHF,Commodites,FX_G10,0.0359,4,0.0297,Inter,False,0.0,False,0.0,False,0.0,0.0,0,Non confirmée
Contemporain,Contemporain,,,0.147,0,0.0,Inter,False,0.0,False,0.0,False,0.0,0.0,0,Non confirmée
Contemporain,Contemporain,,,0.2324,0,0.0,Inter,False,0.0,False,0.0,False,0.0,0.0,0,Non confirmée
Contemporain,Contemporain,,,0.2822,0,0.0,Inter,False,0.0,False,0.0,False,0.0,0.0,0,Non confirmée
Contemporain,Contemporain,,,0.3787,0,0.0,Inter,False,0.0,False,0.0,False,0.0,0.0,0,Non confirmée
Contemporain,Contemporain,,,0.0943,0,0.0,Inter,False,0.0,False,0.0,False,0.0,0.0,0,Non confirmée
Contemporain,Contemporain,,,0.198,0,0.0,Inter,False,0.0,False,0.0,False,0.0,0.0,0,Non confirmée
Contemporain,Contemporain,,,0.2077,0,0.0,Inter,False,0.0,False,0.0,False,0.0,0.0,0,Non confirmée
Contemporain,Contemporain,,,0.247,0,0.0,Inter,False,0.0,False,0.0,False,0.0,0.0,0,Non confirmée
Contemporain,Contemporain,,,0.185,0,0.0,Inter,False,0.0,False,0.0,False,0.0,0.0,0,Non confirmée
Contemporain,Contemporain,,,0.2477,0,0.0,Inter,False,0.0,False,0.0,False,0.0,0.0,0,Non confirmée
Contemporain,Contemporain,,,0.1781,0,0.0,Inter,False,0.0,False,0.0,False,0.0,0.0,0,Non confirmée
Contemporain,Contemporain,,,0.2676,0,0.0,Inter,False,0.0,False,0.0,False,0.0,0.0,0,Non confirmée
Contemporain,Contemporain,,,0.2137,0,0.0,Inter,False,0.0,False,0.0,False,0.0,0.0,0,Non confirmée
Contemporain,Contemporain,,,0.2589,0,0.0,Inter,False,0.0,False,0.0,False,0.0,0.0,0,Non confirmée
Contemporain,Contemporain,,,0.1661,0,0.0,Inter,False,0.0,False,0.0,False,0.0,0.0,0,Non confirmée
Contemporain,Contemporain,,,0.1883,0,0.0,Inter,False,0.0,False,0.0,False,0.0,0.0,0,Non confirmée
Contemporain,Contemporain,,,0.0983,0,0.0,Inter,False,0.0,False,0.0,False,0.0,0.0,0,Non confirmée
Contemporain,Contemporain,,,0.2496,0,0.0,Inter,False,0.0,False,0.0,False,0.0,0.0,0,Non confirmée
Contemporain,Contemporain,,,0.0943,0,0.0,Inter,False,0.0,False,0.0,False,0.0,0.0,0,Non confirmée
Contemporain,Contemporain,,,0.2211,0,0.0,Inter,False,0.0,False,0.0,False,0.0,0.0,0,Non confirmée
Contemporain,Contemporain,,,0.2317,0,0.0,Inter,False,0.0,False,0.0,False,0.0,0.0,0,Non confirmée
Contemporain,Contemporain,,,0.2674,0,0.0,Inter,False,0.0,False,0.0,False,0.0,0.0,0,Non confirmée
Contemporain,Contemporain,,,0.4474,0,0.0,Inter,False,0.0,False,0.0,False,0.0,0.0,0,Non confirmée
