Leader,Follower,Cat_Leader,Cat_Follower,Lead_Days,Best_AbsCorr,Lag_Gain,Lag_Validated,Granger_Validated,VAR_Validated,Score_Lag,Score_Granger,Score_VAR,Granger_Pval,Granger_Fstat,VAR_Impact,N_Methods,Score_Final,Robustesse
TY_US10Y,USDJPY,Bonds,FX_G10,1,0.4938,0.4664,True,True,True,0.6255,1.0,1.0,0.0,915.917,0.9591,3,0.8752,Forte
NASDAQ100,NIKKEI225,Indices,Indices,1,0.4147,0.2803,True,True,True,0.4585,1.0,1.0,0.0,349.8898,0.566,3,0.8195,Forte
SP500,NIKKEI225,Indices,Indices,1,0.4241,0.2515,True,True,True,0.4478,1.0,1.0,0.0,386.3309,0.8518,3,0.8159,Forte
RUSSELL2000,NIKKEI225,Indices,Indices,1,0.4022,0.2427,True,True,True,0.4272,1.0,1.0,0.0,341.3644,0.6323,3,0.8091,Forte
DOWJONES,NIKKEI225,Indices,Indices,1,0.3918,0.2092,True,True,True,0.3998,1.0,1.0,0.0,320.4182,0.78,3,0.7999,Forte
SP500,AUDJPY,FX_G10,Indices,1,0.4918,0.4742,True,True,True,0.6288,1.0,0.7584,0.0,908.2691,0.3792,3,0.7957,Forte
DOWJONES,AUDJPY,FX_G10,Indices,1,0.4762,0.4448,True,True,True,0.6002,1.0,0.7602,0.0,837.5747,0.3801,3,0.7868,Forte
SP500,AUDUSD,FX_G10,Indices,1,0.4051,0.3782,True,True,True,0.5105,1.0,0.7494,0.0,309.2627,0.3747,3,0.7533,Forte
DOWJONES,AUDUSD,FX_G10,Indices,1,0.3783,0.3338,True,True,True,0.4651,1.0,0.727,0.0,264.5021,0.3635,3,0.7307,Forte
RUSSELL2000,AUDJPY,FX_G10,Indices,1,0.4615,0.4404,True,True,True,0.5873,1.0,0.5772,0.0,770.9805,0.2886,3,0.7215,Forte
NASDAQ100,AUDJPY,FX_G10,Indices,1,0.4432,0.4321,True,True,True,0.5695,1.0,0.5135,0.0,692.162,0.2567,3,0.6943,Forte
RUSSELL2000,AUDUSD,FX_G10,Indices,1,0.3938,0.3617,True,True,True,0.4927,1.0,0.548,0.0,294.5447,0.274,3,0.6802,Forte
NASDAQ100,AUDUSD,FX_G10,Indices,1,0.3722,0.3704,True,True,True,0.4828,1.0,0.4545,0.0,245.715,0.2273,3,0.6458,Forte
GOLD,USDJPY,Commodites,FX_G10,1,0.3656,0.3121,True,True,True,0.4432,1.0,0.4871,0.0,440.0629,0.2435,3,0.6434,Forte
TY_US10Y,EURJPY,Bonds,FX_G10,1,0.2996,0.2829,False,True,True,0.3795,1.0,1.0,0.0,281.0429,0.5322,2,0.7932,Moderate
TY_US10Y,USDCHF,Bonds,FX_G10,1,0.2955,0.2794,False,True,True,0.3745,1.0,1.0,0.0,270.5797,0.6426,2,0.7915,Moderate
TY_US10Y,GBPJPY,Bonds,FX_G10,1,0.2891,0.2749,False,True,True,0.3673,1.0,1.0,0.0,257.9916,0.7626,2,0.7891,Moderate
DOWJONES,USDNOK,FX_G10,Indices,1,0.2616,0.2498,False,True,True,0.333,1.0,1.0,0.0,102.923,0.8991,2,0.7777,Moderate
SP500,USDNOK,FX_G10,Indices,1,0.2576,0.2479,False,True,True,0.3291,0.9964,1.0,0.0,99.6386,0.8723,2,0.7752,Moderate
TY_US10Y,AUDJPY,Bonds,FX_G10,1,0.256,0.2368,False,True,True,0.3213,1.0,1.0,0.0,199.9115,0.6061,2,0.7738,Moderate
VIX,AUDJPY,FX_G10,Indices,1,0.4269,0.4127,True,True,False,0.5464,1.0,,0.0,164.0545,,2,0.7732,Moderate
RUSSELL2000,USDNOK,FX_G10,Indices,1,0.2854,0.2753,False,True,True,0.365,0.9261,1.0,0.0,92.6059,0.5945,2,0.7637,Moderate
RUSSELL2000,ASX200,Indices,Indices,1,0.3428,0.075,False,True,True,0.285,1.0,1.0,0.0,155.6527,0.5979,2,0.7617,Moderate
RX_BUND,EURJPY,Bonds,FX_G10,1,0.3207,0.2684,False,True,True,0.3855,1.0,0.8844,0.0,330.2767,0.4422,2,0.7566,Moderate
SP500,USDCAD,FX_G10,Indices,1,0.3943,0.3864,True,True,False,0.5078,1.0,,0.0,274.6962,,2,0.7539,Moderate
SP500,ASX200,Indices,Indices,1,0.3286,0.0411,False,True,True,0.2547,1.0,1.0,0.0,152.8642,0.7761,2,0.7516,Moderate
RUSSELL2000,USDCAD,FX_G10,Indices,1,0.3879,0.3718,True,True,False,0.4946,1.0,,0.0,264.5893,,2,0.7473,Moderate
DOWJONES,USDCAD,FX_G10,Indices,1,0.3875,0.3685,True,True,False,0.4923,1.0,,0.0,266.3129,,2,0.7461,Moderate
NASDAQ100,ASX200,Indices,Indices,1,0.3082,0.0868,False,True,True,0.2678,1.0,0.9425,0.0,107.1551,0.4713,2,0.7368,Moderate
VIX,NIKKEI225,Indices,Indices,1,0.3978,0.2576,True,True,False,0.433,1.0,,0.0,134.1462,,2,0.7165,Moderate
TY_US10Y,NZDUSD,Bonds,FX_G10,1,0.2168,0.2168,False,True,True,0.2818,1.0,0.8384,0.0,139.7983,0.4192,2,0.7067,Moderate
RUSSELL2000,HANGSENG,Indices,Indices,1,0.2626,0.0815,False,True,True,0.2327,1.0,0.8846,0.0,119.1619,0.4423,2,0.7058,Moderate
SILVER,AUDUSD,FX_G10,Commodites,1,0.3521,0.2742,True,True,False,0.411,1.0,,0.0,214.7305,,2,0.7055,Moderate
G_GILT,GBPJPY,Bonds,FX_G10,1,0.2144,0.2048,False,True,True,0.273,1.0,0.8433,0.0,136.358,0.4217,2,0.7054,Moderate
VIX,ASX200,Indices,Indices,1,0.3563,0.2073,True,True,False,0.3738,1.0,,0.0,123.7942,,2,0.6869,Moderate
RX_BUND,USDJPY,Bonds,FX_G10,1,0.2653,0.1932,False,True,True,0.3016,1.0,0.7288,0.0,216.9294,0.3644,2,0.6768,Moderate
FTSE100,AUDJPY,FX_G10,Indices,1,0.3207,0.1601,False,True,True,0.3205,1.0,0.7005,0.0,346.7356,0.3502,2,0.6737,Moderate
RX_BUND,GBPJPY,Bonds,FX_G10,1,0.2226,0.2009,False,True,True,0.2764,1.0,0.7378,0.0,147.2228,0.3689,2,0.6714,Moderate
OAT_FRANCE,EURJPY,Bonds,FX_G10,1,0.2664,0.2266,False,True,True,0.3224,1.0,0.6892,0.0,219.4524,0.3446,2,0.6705,Moderate
TY_US10Y,EURUSD,Bonds,FX_G10,1,0.2192,0.2055,False,True,True,0.2767,1.0,0.722,0.0,143.1853,0.361,2,0.6662,Moderate
SP500,NZDUSD,FX_G10,Indices,1,0.3206,0.2837,False,True,True,0.3946,1.0,0.5611,0.0,119.7849,0.2805,2,0.6519,Moderate
SP500,GBPJPY,FX_G10,Indices,1,0.3491,0.3406,False,True,True,0.4487,1.0,0.4975,0.0,393.0326,0.2487,2,0.6487,Moderate
DOWJONES,GBPJPY,FX_G10,Indices,1,0.348,0.3393,False,True,True,0.4472,1.0,0.4921,0.0,390.1651,0.246,2,0.6464,Moderate
GOLD,USDCHF,Commodites,FX_G10,1,0.3093,0.245,False,True,True,0.3635,1.0,0.5613,0.0,155.5804,0.2807,2,0.6416,Moderate
GOLD,NZDUSD,Commodites,FX_G10,1,0.33,0.2731,False,True,True,0.3949,1.0,0.5229,0.0,349.6845,0.2614,2,0.6393,Moderate
DOWJONES,NZDUSD,FX_G10,Indices,1,0.2987,0.2507,False,True,True,0.3595,1.0,0.553,0.0,103.0547,0.2765,2,0.6375,Moderate
EUROSTOXX50,AUDJPY,FX_G10,Indices,1,0.3409,0.1723,False,True,True,0.342,1.0,0.5656,0.0,203.9769,0.2828,2,0.6359,Moderate
CAC40,AUDJPY,FX_G10,Indices,1,0.3322,0.1664,False,True,True,0.3324,1.0,0.5716,0.0,193.4974,0.2858,2,0.6347,Moderate
GOLD,AUDUSD,FX_G10,Commodites,1,0.3273,0.2627,False,True,True,0.3867,1.0,0.5144,0.0,345.0975,0.2572,2,0.6337,Moderate
NASDAQ100,USDNOK,FX_G10,Indices,1,0.223,0.1987,False,True,True,0.2753,0.6158,1.0,0.0,61.5783,0.5622,2,0.6304,Moderate
G_GILT,USDJPY,Bonds,FX_G10,1,0.2679,0.1963,False,True,True,0.3053,1.0,0.5758,0.0,221.5355,0.2879,2,0.627,Moderate
OAT_FRANCE,USDJPY,Bonds,FX_G10,1,0.237,0.1732,False,True,True,0.2698,1.0,0.6112,0.0,170.3202,0.3056,2,0.627,Moderate
GOLD,USDSEK,Commodites,FX_G10,1,0.2882,0.2587,False,True,True,0.357,1.0,0.5203,0.0,259.1535,0.2601,2,0.6258,Moderate
TY_US10Y,USDSEK,Bonds,FX_G10,1,0.1799,0.1611,False,True,True,0.2226,0.9557,0.6915,0.0,95.5748,0.3457,2,0.6233,Moderate
RX_BUND,AUDJPY,Bonds,FX_G10,1,0.1849,0.1418,False,True,True,0.2145,1.0,0.6536,0.0,102.0916,0.3268,2,0.6227,Moderate
DAX,AUDJPY,FX_G10,Indices,1,0.3254,0.1541,False,True,True,0.3202,1.0,0.5295,0.0,360.3512,0.2648,2,0.6166,Moderate
G_GILT,EURJPY,Bonds,FX_G10,1,0.2146,0.1865,False,True,True,0.2621,1.0,0.5832,0.0,138.2551,0.2916,2,0.6151,Moderate
COPPER,AUDUSD,FX_G10,Commodites,1,0.3699,0.2766,True,True,False,0.4249,1.0,0.3877,0.0,238.9185,0.1939,2,0.6042,Moderate
SP500,USDSEK,FX_G10,Indices,1,0.255,0.244,False,True,True,0.3249,1.0,0.45,0.0,110.6075,0.225,2,0.5916,Moderate
SP500,HANGSENG,Indices,Indices,1,0.2591,0.0739,False,True,True,0.2257,0.5444,1.0,0.0,54.4424,0.6615,2,0.59,Moderate
DAX,GBPJPY,FX_G10,Indices,1,0.2877,0.1674,False,True,True,0.3018,1.0,0.464,0.0,255.2897,0.232,2,0.5886,Moderate
DOWJONES,USDSEK,FX_G10,Indices,1,0.2444,0.2379,False,True,True,0.3138,0.9982,0.4466,0.0,99.8188,0.2233,2,0.5862,Moderate
GOLD,EURUSD,FX_G10,Commodites,1,0.2917,0.2343,False,True,True,0.3448,0.9607,0.4395,0.0,96.0695,0.2198,2,0.5817,Moderate
PLATINUM,AUDUSD,FX_G10,Commodites,1,0.3585,0.25,True,True,False,0.4009,1.0,0.3168,0.0,222.8103,0.1584,2,0.5726,Moderate
DOWJONES,HANGSENG,Indices,Indices,1,0.2465,0.0689,False,True,True,0.2139,0.485,1.0,0.0,48.4964,0.6389,2,0.5663,Moderate
NASDAQ100,HANGSENG,Indices,Indices,1,0.2489,0.0764,False,True,True,0.2201,0.4747,0.965,0.0,47.4684,0.4825,2,0.5533,Moderate
GOLD,USDNOK,Commodites,FX_G10,1,0.1653,0.1375,False,True,True,0.1982,0.4881,0.9409,0.0,48.8088,0.4704,2,0.5424,Moderate
FTSE100,USDNOK,FX_G10,Indices,1,0.1724,0.0834,False,True,True,0.1707,0.4376,1.0,0.0,43.7603,0.6226,2,0.5361,Moderate
G_GILT,AUDJPY,Bonds,FX_G10,1,0.163,0.1511,False,True,True,0.2048,0.7776,0.5538,0.0,77.7639,0.2769,2,0.5121,Moderate
SP500,GBPUSD,FX_G10,Indices,1,0.2448,0.2262,False,True,True,0.3071,0.7177,0.479,0.0,71.7741,0.2395,2,0.5013,Moderate
SILVER,USDNOK,Commodites,FX_G10,1,0.1974,0.1918,False,True,True,0.2533,0.6548,0.5417,0.0,65.4779,0.2709,2,0.4833,Moderate
DOWJONES,GBPUSD,FX_G10,Indices,1,0.2334,0.2128,False,True,True,0.2911,0.6704,0.4848,0.0,67.038,0.2424,2,0.4821,Moderate
PLATINUM,USDNOK,Commodites,FX_G10,1,0.1657,0.1009,False,True,True,0.1765,0.6257,0.6253,0.0,62.5677,0.3126,2,0.4758,Moderate
OAT_FRANCE,GBPJPY,Bonds,FX_G10,1,0.1656,0.148,False,True,True,0.2047,0.4612,0.7197,0.0,46.1176,0.3599,2,0.4619,Moderate
COPPER,USDNOK,Commodites,FX_G10,1,0.2055,0.1355,False,True,True,0.2251,0.474,0.6341,0.0,47.4012,0.317,2,0.4444,Moderate
FTSE100,AUDUSD,FX_G10,Indices,1,0.2289,0.1148,False,True,True,0.2291,0.4155,0.6635,0.0,41.5469,0.3317,2,0.436,Moderate
CAC40,AUDUSD,FX_G10,Indices,1,0.2273,0.1186,False,True,True,0.2303,0.6472,0.4277,0.0,64.7187,0.2138,2,0.4351,Moderate
DAX,AUDUSD,FX_G10,Indices,1,0.2325,0.118,False,True,True,0.2335,0.5067,0.4605,0.0,50.6727,0.2303,2,0.4002,Moderate
EUROSTOXX50,AUDUSD,FX_G10,Indices,1,0.2365,0.1277,False,True,True,0.2422,0.5154,0.4109,0.0,51.5399,0.2055,2,0.3895,Moderate
DOWJONES,ASX200,Indices,Indices,5,,,False,True,False,,1.0,,0.0,139.5829,,1,1.0,Faible
CAC40,NIKKEI225,Indices,Indices,3,,,False,True,False,,1.0,,0.0,153.5745,,1,1.0,Faible
VIX,DAX,Indices,Indices,1,,,False,True,False,,1.0,,0.0,123.6452,,1,1.0,Faible
VIX,CAC40,Indices,Indices,1,,,False,True,False,,1.0,,0.0,107.9437,,1,1.0,Faible
EUROSTOXX50,NIKKEI225,Indices,Indices,5,,,False,True,False,,1.0,,0.0,104.6287,,1,1.0,Faible
HANGSENG,AUDJPY,Indices,FX_G10,1,,,False,True,False,,1.0,,0.0,120.3551,,1,1.0,Faible
VIX,EUROSTOXX50,Indices,Indices,1,,,False,True,False,,1.0,,0.0,127.0192,,1,1.0,Faible
DAX,NIKKEI225,Indices,Indices,5,,,False,True,False,,0.992,,0.0,99.2007,,1,0.992,Faible
DAX,ASX200,Indices,Indices,5,,,False,True,False,,0.9488,,0.0,94.8781,,1,0.9488,Faible
EUROSTOXX50,ASX200,Indices,Indices,5,,,False,True,False,,0.9103,,0.0,91.0305,,1,0.9103,Faible
FTSE100,NIKKEI225,Indices,Indices,3,,,False,True,False,,0.8468,,0.0,84.6836,,1,0.8468,Faible
CAC40,ASX200,Indices,Indices,5,,,False,True,False,,0.8373,,0.0,83.7325,,1,0.8373,Faible
EUROSTOXX50,HANGSENG,Indices,Indices,2,,,False,True,False,,0.8171,,0.0,81.7128,,1,0.8171,Faible
CAC40,HANGSENG,Indices,Indices,2,,,False,True,False,,0.815,,0.0,81.5009,,1,0.815,Faible
DAX,HANGSENG,Indices,Indices,2,,,False,True,False,,0.7807,,0.0,78.0686,,1,0.7807,Faible
FTSE100,ASX200,Indices,Indices,5,,,False,True,False,,0.7667,,0.0,76.6672,,1,0.7667,Faible
NASDAQ100,USDCAD,FX_G10,Indices,1,0.3299,0.3146,False,True,False,0.4197,1.0,,0.0,178.5512,,1,0.7098,Faible
VIX,USDCAD,FX_G10,Indices,1,0.3162,0.3124,False,True,False,0.4088,1.0,,0.0,314.7093,,1,0.7044,Faible
BRENT_CRUDE,USDCAD,Commodites,FX_G10,1,0.3405,0.2729,False,True,False,0.4021,1.0,,0.0,372.1983,,1,0.701,Faible
VIX,AUDUSD,FX_G10,Indices,1,0.312,0.304,False,True,False,0.4008,1.0,,0.0,159.5822,,1,0.7004,Faible
FTSE100,HANGSENG,Indices,Indices,2,,,False,True,False,,0.6996,,0.0,69.963,,1,0.6996,Faible
WTI_CRUDE,USDCAD,Commodites,FX_G10,1,0.3187,0.2693,False,True,False,0.3847,1.0,,0.0,320.2641,,1,0.6924,Faible
VIX,GBPJPY,FX_G10,Indices,1,0.2983,0.2841,False,True,False,0.3793,1.0,,0.0,276.2462,,1,0.6896,Faible
PLATINUM,USDSEK,Commodites,FX_G10,1,0.2925,0.2538,False,True,False,0.357,1.0,,0.0,268.3007,,1,0.6785,Faible
PLATINUM,NZDUSD,FX_G10,Commodites,1,0.3142,0.2196,False,True,False,0.3517,1.0,,0.0,164.9432,,1,0.6759,Faible
HANGSENG,AUDUSD,Indices,FX_G10,2,,,False,True,False,,0.6663,,0.0,66.6261,,1,0.6663,Faible
SILVER,USDCAD,Commodites,FX_G10,1,0.2797,0.2139,False,True,False,0.3241,1.0,,0.0,240.5356,,1,0.6621,Faible
BRENT_CRUDE,AUDJPY,FX_G10,Commodites,1,0.2633,0.2278,False,True,False,0.321,1.0,,0.0,213.5361,,1,0.6605,Faible
PLATINUM,GBPUSD,FX_G10,Commodites,1,0.2665,0.2209,False,True,False,0.3191,1.0,,0.0,112.6954,,1,0.6595,Faible
PLATINUM,USDCAD,Commodites,FX_G10,1,0.2875,0.1924,False,True,False,0.3167,1.0,,0.0,256.2944,,1,0.6583,Faible
VIX,NZDUSD,FX_G10,Indices,1,0.2429,0.2347,False,True,False,0.3108,1.0,,0.0,177.8981,,1,0.6554,Faible
RUSSELL2000,GBPUSD,FX_G10,Indices,1,0.2478,0.2276,False,True,False,0.31,1.0,,0.0,107.7511,,1,0.655,Faible
WTI_CRUDE,AUDJPY,FX_G10,Commodites,1,0.2425,0.228,False,True,False,0.3065,1.0,,0.0,177.8876,,1,0.6532,Faible
CAC40,USDCAD,FX_G10,Indices,1,0.2719,0.1848,False,True,False,0.3012,1.0,,0.0,226.6661,,1,0.6506,Faible
VIX,EURJPY,FX_G10,Indices,1,0.23,0.2275,False,True,False,0.2975,1.0,,0.0,158.2361,,1,0.6487,Faible
SILVER,GBPUSD,FX_G10,Commodites,1,0.2469,0.2048,False,True,False,0.2957,0.9995,,0.0,99.9515,,1,0.6476,Faible
ZINC,AUDUSD,Commodites,FX_G10,1,0.2725,0.1635,False,True,False,0.2888,1.0,,0.0,234.9383,,1,0.6444,Faible
PLATINUM,EURUSD,FX_G10,Commodites,1,0.2486,0.2055,False,True,False,0.2973,0.9887,,0.0,98.8741,,1,0.643,Faible
DAX,USDCAD,FX_G10,Indices,1,0.2536,0.1767,False,True,False,0.2835,1.0,,0.0,194.9262,,1,0.6418,Faible
SILVER,USDJPY,Commodites,FX_G10,1,0.2193,0.2024,False,True,False,0.2749,1.0,,0.0,143.3784,,1,0.6374,Faible
VIX,USDJPY,FX_G10,Indices,1,0.1984,0.1913,False,True,False,0.2537,1.0,,0.0,116.2007,,1,0.6269,Faible
VIX,HANGSENG,Indices,Indices,1,0.2603,0.1097,False,True,False,0.248,1.0,,0.0,125.7348,,1,0.624,Faible
BRENT_CRUDE,AUDUSD,FX_G10,Commodites,1,0.2015,0.1676,False,True,False,0.2416,1.0,,0.0,121.0179,,1,0.6208,Faible
ZINC,USDCAD,Commodites,FX_G10,1,0.2209,0.1432,False,True,False,0.2405,1.0,,0.0,145.3939,,1,0.6202,Faible
WTI_CRUDE,GBPJPY,Commodites,FX_G10,1,0.1873,0.1702,False,True,False,0.2332,1.0,,0.0,103.4678,,1,0.6166,Faible
WTI_CRUDE,AUDUSD,FX_G10,Commodites,1,0.1862,0.1685,False,True,False,0.2314,1.0,,0.0,102.2946,,1,0.6157,Faible
SILVER,USDSEK,Commodites,FX_G10,1,0.2825,0.2501,False,True,False,0.3478,0.8828,,0.0,88.2833,,1,0.6153,Faible
LEAD,AUDUSD,Commodites,FX_G10,1,0.2242,0.103,False,True,False,0.2187,1.0,,0.0,156.4291,,1,0.6094,Faible
ZINC,USDSEK,Commodites,FX_G10,1,0.196,0.1251,False,True,False,0.2123,1.0,,0.0,116.8397,,1,0.6061,Faible
TY_US10Y,RX_BUND,Bonds,Bonds,1,,,False,True,False,,0.6033,,0.0,60.3258,,1,0.6033,Faible
PLATINUM,USDJPY,Commodites,FX_G10,1,0.1825,0.1586,False,True,False,0.2229,0.9794,,0.0,97.9394,,1,0.6012,Faible
LEAD,USDCAD,Commodites,FX_G10,1,0.1898,0.1072,False,True,False,0.1972,1.0,,0.0,105.8579,,1,0.5986,Faible
RUSSELL2000,NZDUSD,FX_G10,Indices,1,0.3099,0.2767,False,True,False,0.383,1.0,0.3767,0.0,164.289,0.1883,1,0.5866,Faible
RUSSELL2000,GBPJPY,FX_G10,Indices,1,0.3303,0.3226,False,True,False,0.4248,1.0,0.3323,0.0,346.6822,0.1661,1,0.5857,Faible
LEAD,NZDUSD,Commodites,FX_G10,1,0.1839,0.0595,False,True,False,0.1644,1.0,,0.0,103.074,,1,0.5822,Faible
NASDAQ100,NZDUSD,FX_G10,Indices,1,0.2943,0.2857,False,True,False,0.3774,1.0,0.3545,0.0,142.1562,0.1772,1,0.5773,Faible
EUROSTOXX50,GBPJPY,FX_G10,Indices,1,0.3099,0.1988,False,True,False,0.3362,1.0,0.3903,0.0,300.5943,0.1952,1,0.5755,Faible
CAC40,GBPJPY,FX_G10,Indices,1,0.3014,0.1942,False,True,False,0.3275,1.0,0.393,0.0,282.3531,0.1965,1,0.5735,Faible
COPPER,HANGSENG,Commodites,Indices,1,,,False,True,False,,0.5685,,0.0,56.8468,,1,0.5685,Faible
NASDAQ100,GBPJPY,FX_G10,Indices,1,0.296,0.2891,False,True,False,0.3807,1.0,0.2965,0.0,272.423,0.1483,1,0.5591,Faible
SILVER,NZDUSD,FX_G10,Commodites,1,0.3245,0.2603,False,True,False,0.3833,1.0,0.2885,0.0,176.5096,0.1443,1,0.5573,Faible
COPPER,NZDUSD,Commodites,FX_G10,1,0.3058,0.2247,False,True,False,0.3489,1.0,0.3215,0.0,153.8235,0.1607,1,0.5568,Faible
COPPER,AUDJPY,FX_G10,Commodites,1,0.2868,0.2136,False,True,False,0.3289,1.0,0.3411,0.0,134.348,0.1706,1,0.5567,Faible
DOWJONES,EURJPY,FX_G10,Indices,1,0.252,0.2439,False,True,False,0.3227,1.0,0.3433,0.0,192.8584,0.1716,1,0.5553,Faible
HANGSENG,GBPUSD,Indices,FX_G10,1,,,False,True,False,,0.552,,0.0,55.2035,,1,0.552,Faible
EUROSTOXX50,EURJPY,FX_G10,Indices,1,0.174,0.0953,False,True,False,0.179,0.92,,0.0,92.0035,,1,0.5495,Faible
RUSSELL2000,USDSEK,FX_G10,Indices,1,0.2637,0.2469,False,True,False,0.3327,1.0,0.3131,0.0,113.9845,0.1566,1,0.5486,Faible
SP500,EURJPY,FX_G10,Indices,1,0.2517,0.2485,False,True,False,0.3253,1.0,0.3072,0.0,192.0005,0.1536,1,0.5442,Faible
PLATINUM,AUDJPY,FX_G10,Commodites,1,0.1729,0.0969,False,True,False,0.1792,0.9044,,0.0,90.4446,,1,0.5418,Faible
CAC40,EURJPY,FX_G10,Indices,1,0.1727,0.0991,False,True,False,0.1803,0.9034,,0.0,90.342,,1,0.5418,Faible
EURUSD,USDNOK,FX_G10,FX_G10,4,,,False,True,False,,0.5409,,0.0,54.087,,1,0.5409,Faible
HANGSENG,USDCAD,Indices,FX_G10,1,,,False,True,False,,0.5364,,0.0,53.6366,,1,0.5364,Faible
LEAD,AUDJPY,Commodites,FX_G10,1,0.1722,0.0773,False,True,False,0.1669,0.9057,,0.0,90.5654,,1,0.5363,Faible
HANGSENG,GBPJPY,Indices,FX_G10,1,,,False,True,False,,0.5317,,0.0,53.1729,,1,0.5317,Faible
HANGSENG,USDSEK,Indices,FX_G10,1,,,False,True,False,,0.5302,,0.0,53.0152,,1,0.5302,Faible
FTSE100,USDCAD,FX_G10,Indices,1,0.2799,0.1905,False,True,False,0.3102,1.0,0.2599,0.0,241.5634,0.1299,1,0.5234,Faible
COPPER,USDCAD,Commodites,FX_G10,1,0.3079,0.236,False,True,False,0.3571,1.0,0.1824,0.0,297.1678,0.0912,1,0.5132,Faible
COPPER,USDSEK,Commodites,FX_G10,1,0.2668,0.1924,False,True,False,0.3022,1.0,0.2341,0.0,223.0029,0.1171,1,0.5121,Faible
VIX,FTSE100,Indices,Indices,3,,,False,True,False,,0.5073,,0.0,50.7257,,1,0.5073,Faible
WTI_CRUDE,USDNOK,Commodites,FX_G10,1,0.2874,0.2408,False,True,False,0.3457,0.6641,,0.0,66.4062,,1,0.5049,Faible
EUROSTOXX50,USDCAD,FX_G10,Indices,1,0.2675,0.1875,False,True,False,0.2997,1.0,0.2123,0.0,218.7036,0.1062,1,0.504,Faible
GOLD,GBPUSD,FX_G10,Commodites,1,0.2323,0.1976,False,True,False,0.2812,0.8616,0.3617,0.0,86.1581,0.1809,1,0.5015,Faible
ZINC,AUDJPY,Commodites,FX_G10,1,0.2316,0.1541,False,True,False,0.2546,1.0,0.2467,0.0,165.3552,0.1234,1,0.5004,Faible
SILVER,EURUSD,FX_G10,Commodites,1,0.2498,0.2194,False,True,False,0.3065,0.6932,,0.0,69.3247,,1,0.4999,Faible
AUDUSD,USDNOK,FX_G10,FX_G10,4,,,False,True,False,,0.4991,,0.0,49.9127,,1,0.4991,Faible
VIX,USDSEK,FX_G10,Indices,1,0.1636,0.1558,False,True,False,0.208,0.7775,,0.0,77.746,,1,0.4927,Faible
RUSSELL2000,EURJPY,FX_G10,Indices,1,0.2267,0.2201,False,True,False,0.2907,1.0,0.1862,0.0,154.0018,0.0931,1,0.4923,Faible
GOLD,USDCAD,Commodites,FX_G10,1,0.227,0.1654,False,True,False,0.2581,1.0,0.2121,0.0,153.784,0.106,1,0.4901,Faible
EUROSTOXX50,USDSEK,FX_G10,Indices,1,0.1857,0.1702,False,True,False,0.2321,1.0,0.2358,0.0,101.9531,0.1179,1,0.4893,Faible
VIX,GBPUSD,FX_G10,Indices,1,0.1625,0.1544,False,True,False,0.2064,0.767,,0.0,76.7011,,1,0.4867,Faible
COPPER,NIKKEI225,Commodites,Indices,1,,,False,True,False,,0.4821,,0.0,48.209,,1,0.4821,Faible
NASDAQ100,EURJPY,FX_G10,Indices,1,0.2108,0.205,False,True,False,0.2706,1.0,0.1737,0.0,131.6461,0.0869,1,0.4814,Faible
LEAD,USDSEK,Commodites,FX_G10,1,0.1621,0.0781,False,True,False,0.1603,0.7982,,0.0,79.8223,,1,0.4793,Faible
NASDAQ100,USDSEK,FX_G10,Indices,1,0.2261,0.2032,False,True,False,0.2802,0.8492,0.2947,0.0,84.9162,0.1474,1,0.4747,Faible
PLATINUM,USDCHF,Commodites,FX_G10,1,0.2084,0.1827,False,True,False,0.2555,0.6845,,0.0,68.4467,,1,0.47,Faible
ZINC,NZDUSD,Commodites,FX_G10,1,0.2197,0.1065,False,True,False,0.2177,1.0,0.1838,0.0,148.1877,0.0919,1,0.4672,Faible
COPPER,GBPUSD,FX_G10,Commodites,1,0.2441,0.1908,False,True,False,0.2853,0.9221,0.1877,0.0,92.209,0.0938,1,0.465,Faible
FTSE100,GBPJPY,FX_G10,Indices,1,0.1762,0.1136,False,True,False,0.1915,0.8988,0.3026,0.0,89.8815,0.1513,1,0.4643,Faible
CAC40,USDSEK,FX_G10,Indices,1,0.1784,0.1625,False,True,False,0.2224,0.9379,0.231,0.0,93.787,0.1155,1,0.4638,Faible
BRENT_CRUDE,GBPJPY,Commodites,FX_G10,1,0.1985,0.1935,False,True,False,0.255,1.0,0.114,0.0,116.0857,0.057,1,0.4563,Faible
NIKKEI225,AUDJPY,Indices,FX_G10,3,,,False,True,False,,0.4525,,0.0,45.2493,,1,0.4525,Faible
BRENT_CRUDE,USDNOK,Commodites,FX_G10,1,0.2533,0.2453,False,True,False,0.3245,0.5594,,0.0,55.9448,,1,0.442,Faible
USDNOK,BRENT_CRUDE,—,—,5,,,False,False,True,,,0.4414,,,0.2207,1,0.4414,Faible
COPPER,ASX200,Commodites,Indices,1,0.1437,0.002,False,True,False,0.1018,0.7783,,0.0,77.8317,,1,0.44,Faible
TY_US10Y,OAT_FRANCE,Bonds,Bonds,1,,,False,True,False,,0.4392,,0.0,43.9224,,1,0.4392,Faible
COPPER,EURUSD,FX_G10,Commodites,1,0.2037,0.1385,False,True,False,0.2257,0.6512,,0.0,65.1227,,1,0.4385,Faible
DAX,USDJPY,FX_G10,Indices,1,0.1561,0.0667,False,True,False,0.1493,0.7218,,0.0,72.1811,,1,0.4355,Faible
ASX200,USDNOK,Indices,FX_G10,5,,,False,True,False,,0.4317,,0.0,43.1686,,1,0.4317,Faible
FTSE100,USDJPY,FX_G10,Indices,1,0.1544,0.0788,False,True,False,0.1554,0.7029,,0.0,70.2927,,1,0.4291,Faible
USDSEK,USDNOK,FX_G10,FX_G10,5,,,False,True,False,,0.4247,,0.0,42.4715,,1,0.4247,Faible
DAX,USDSEK,FX_G10,Indices,1,0.1694,0.1442,False,True,False,0.2051,0.8474,0.219,0.0,84.7439,0.1095,1,0.4238,Faible
DAX,EURJPY,FX_G10,Indices,1,0.1513,0.0706,False,True,False,0.1483,0.694,,0.0,69.4044,,1,0.4211,Faible
GBPUSD,EURGBP,FX_G10,FX_G10,1,,,False,True,False,,0.42,,0.0,42.0023,,1,0.42,Faible
LEAD,EURUSD,Commodites,FX_G10,1,0.1527,0.0802,False,True,False,0.155,0.684,,0.0,68.3963,,1,0.4195,Faible
EUROSTOXX50,USDJPY,FX_G10,Indices,1,0.1718,0.0797,False,True,False,0.1681,0.8783,0.201,0.0,87.8304,0.1005,1,0.4158,Faible
CAC40,USDJPY,FX_G10,Indices,1,0.1711,0.0824,False,True,False,0.1692,0.87,0.2025,0.0,87.0043,0.1013,1,0.4139,Faible
FTSE100,USDSEK,FX_G10,Indices,1,0.1639,0.1494,False,True,False,0.2044,0.7878,0.2223,0.0,78.7772,0.1112,1,0.4048,Faible
EUROSTOXX50,EURGBP,FX_G10,Indices,1,0.2117,0.1539,False,True,False,0.2405,0.5679,0.3958,0.0,56.7897,0.1979,1,0.4014,Faible
TY_US10Y,AUDUSD,Bonds,FX_G10,1,0.1456,0.1398,False,True,False,0.1858,0.6153,,0.0,61.5347,,1,0.4005,Faible
FTSE100,EURJPY,FX_G10,Indices,1,0.1649,0.1101,False,True,False,0.1815,0.8137,0.1977,0.0,81.37,0.0989,1,0.3976,Faible
DAX,EURGBP,FX_G10,Indices,1,0.211,0.1461,False,True,False,0.2354,0.5581,,0.0,55.8134,,1,0.3968,Faible
USDCAD,USDNOK,FX_G10,FX_G10,5,,,False,True,False,,0.3865,,0.0,38.6489,,1,0.3865,Faible
LEAD,GBPUSD,Commodites,FX_G10,1,0.149,0.0576,False,True,False,0.1389,0.6271,,0.0,62.7068,,1,0.383,Faible
ASX200,GBPJPY,Indices,FX_G10,1,,,False,True,False,,0.3808,,0.0,38.0825,,1,0.3808,Faible
BRENT_CRUDE,NIKKEI225,Commodites,Indices,1,0.1412,0.0497,False,True,False,0.1287,0.6305,,0.0,63.0496,,1,0.3796,Faible
BRENT_CRUDE,NZDUSD,Commodites,FX_G10,1,0.1411,0.1274,False,True,False,0.1752,0.578,,0.0,57.7959,,1,0.3766,Faible
COPPER,GBPJPY,FX_G10,Commodites,1,0.1644,0.1278,False,True,False,0.1918,0.7818,0.1505,0.0,78.1775,0.0752,1,0.3747,Faible
CAC40,EURGBP,FX_G10,Indices,1,0.2004,0.1397,False,True,False,0.2241,0.5183,,0.0,51.834,,1,0.3712,Faible
ZINC,EURUSD,Commodites,FX_G10,1,0.1413,0.0846,False,True,False,0.1497,0.582,,0.0,58.2031,,1,0.3659,Faible
NIKKEI225,GBPJPY,Indices,FX_G10,2,,,False,True,False,,0.3645,,0.0,36.4458,,1,0.3645,Faible
COPPER,USDCHF,Commodites,FX_G10,1,0.1418,0.0897,False,True,False,0.1531,0.5754,,0.0,57.5391,,1,0.3643,Faible
SILVER,AUDJPY,FX_G10,Commodites,1,0.1395,0.0852,False,True,False,0.1488,0.5788,,0.0,57.8849,,1,0.3638,Faible
WTI_CRUDE,NZDUSD,Commodites,FX_G10,1,0.1361,0.1346,False,True,False,0.176,0.5344,,0.0,53.439,,1,0.3552,Faible
SP500,USDJPY,FX_G10,Indices,1,0.1755,0.1654,False,True,False,0.2221,0.5371,0.2885,0.0,53.709,0.1443,1,0.3492,Faible
DOWJONES,EURGBP,FX_G10,Indices,1,0.1887,0.1872,False,True,False,0.2444,0.4198,0.3801,0.0,41.9779,0.19,1,0.3481,Faible
HANGSENG,NZDUSD,Indices,FX_G10,2,,,False,True,False,,0.3478,,0.0,34.7844,,1,0.3478,Faible
TY_US10Y,EURCHF,Bonds,FX_G10,1,0.1346,0.1294,False,True,False,0.1719,0.5231,,0.0,52.3129,,1,0.3475,Faible
NASDAQ100,GBPUSD,FX_G10,Indices,1,0.2069,0.2026,False,True,False,0.2664,0.4865,0.285,0.0,48.6534,0.1425,1,0.346,Faible
TY_US10Y,NIKKEI225,Bonds,Indices,1,0.1342,0.0525,False,True,False,0.1254,0.5653,,0.0,56.5276,,1,0.3454,Faible
SP500,EURGBP,FX_G10,Indices,1,0.1922,0.1886,False,True,False,0.2477,0.4292,,0.0,42.9155,,1,0.3385,Faible
OAT_FRANCE,AUDJPY,Bonds,FX_G10,1,0.1333,0.1031,False,True,False,0.1552,0.5206,,0.0,52.0626,,1,0.3379,Faible
SILVER,USDCHF,Commodites,FX_G10,1,0.2166,0.1708,False,True,False,0.2541,0.5212,0.2324,0.0,52.1245,0.1162,1,0.3359,Faible
RX_BUND,EURCHF,Bonds,FX_G10,1,0.1331,0.105,False,True,False,0.1562,0.5143,,0.0,51.4276,,1,0.3352,Faible
RUSSELL2000,EURGBP,FX_G10,Indices,1,0.1918,0.1893,False,True,False,0.2478,0.4197,,0.0,41.9732,,1,0.3337,Faible
PLATINUM,HANGSENG,Commodites,Indices,1,,,False,True,False,,0.3319,,0.0,33.1879,,1,0.3319,Faible
RUSSELL2000,LEAD,Commodites,Indices,1,0.1378,0.0293,False,True,False,0.114,0.545,,0.0,54.5002,,1,0.3295,Faible
DOWJONES,USDJPY,FX_G10,Indices,1,0.1859,0.1741,False,True,False,0.2346,0.4187,0.3314,0.0,41.8677,0.1657,1,0.3282,Faible
ZINC,GBPUSD,Commodites,FX_G10,1,0.1577,0.0737,False,True,False,0.1546,0.7064,0.1132,0.0,70.6386,0.0566,1,0.3247,Faible
NIKKEI225,EURJPY,Indices,FX_G10,2,,,False,True,False,,0.3148,,0.0,31.4791,,1,0.3148,Faible
NZDUSD,USDNOK,FX_G10,FX_G10,5,,,False,True,False,,0.3132,,0.0,31.32,,1,0.3132,Faible
LEAD,USDNOK,Commodites,FX_G10,3,,,False,True,False,,0.3109,,0.0,31.0851,,1,0.3109,Faible
NIKKEI225,DOWJONES,Indices,Indices,1,,,False,True,False,,0.3101,,0.0,31.0108,,1,0.3101,Faible
ASX200,USDCAD,Indices,FX_G10,1,,,False,True,False,,0.3093,,0.0,30.9264,,1,0.3093,Faible
ZINC,HANGSENG,Commodites,Indices,1,,,False,True,False,,0.309,,0.0,30.8983,,1,0.309,Faible
RUSSELL2000,FTSE100,Indices,Indices,4,,,False,True,False,,0.305,,0.0,30.4957,,1,0.305,Faible
HANGSENG,USDNOK,Indices,FX_G10,3,,,False,True,False,,0.3048,,0.0,30.4842,,1,0.3048,Faible
TY_US10Y,G_GILT,Bonds,Bonds,4,,,False,True,False,,0.3041,,0.0,30.4068,,1,0.3041,Faible
RUSSELL2000,USDJPY,FX_G10,Indices,1,0.1493,0.1369,False,True,False,0.1866,0.42,,0.0,41.9971,,1,0.3033,Faible
BRENT_CRUDE,GBPUSD,Commodites,FX_G10,1,0.1239,0.1236,False,True,False,0.1609,0.4419,,0.0,44.1949,,1,0.3014,Faible
EUROSTOXX50,GBPUSD,FX_G10,Indices,1,0.2006,0.1596,False,True,False,0.2362,0.3657,,0.0,36.5691,,1,0.3009,Faible
BRENT_CRUDE,HANGSENG,Commodites,Indices,1,,,False,True,False,,0.2987,,0.0,29.8703,,1,0.2987,Faible
SP500,EUROSTOXX50,Indices,Indices,5,,,False,True,False,,0.2975,,0.0,29.7522,,1,0.2975,Faible
BRENT_CRUDE,EURJPY,Commodites,FX_G10,1,0.124,0.111,False,True,False,0.1534,0.4401,,0.0,44.0068,,1,0.2968,Faible
LEAD,HANGSENG,Commodites,Indices,1,,,False,True,False,,0.2954,,0.0,29.5402,,1,0.2954,Faible
WTI_CRUDE,USDSEK,Commodites,FX_G10,1,0.125,0.0963,False,True,False,0.1453,0.4434,,0.0,44.3421,,1,0.2944,Faible
NIKKEI225,USDJPY,Indices,FX_G10,1,,,False,True,False,,0.29,,0.0,29.0048,,1,0.29,Faible
NASDAQ100,USDJPY,FX_G10,Indices,1,0.1497,0.1356,False,True,False,0.1861,0.3893,,0.0,38.931,,1,0.2877,Faible
SP500,CAC40,Indices,Indices,5,,,False,True,False,,0.2869,,0.0,28.6916,,1,0.2869,Faible
SP500,EURCHF,FX_G10,Indices,1,0.1206,0.1113,False,True,False,0.1512,0.4193,,0.0,41.931,,1,0.2853,Faible
WTI_CRUDE,GBPUSD,Commodites,FX_G10,1,0.1206,0.102,False,True,False,0.1456,0.4219,,0.0,42.1856,,1,0.2838,Faible
RUSSELL2000,EURCHF,FX_G10,Indices,1,0.1202,0.1105,False,True,False,0.1504,0.4166,,0.0,41.658,,1,0.2835,Faible
ZINC,ASX200,Commodites,Indices,1,,,False,True,False,,0.2819,,0.0,28.1877,,1,0.2819,Faible
ZINC,GBPJPY,Commodites,FX_G10,1,0.1237,0.0705,False,True,False,0.1289,0.4342,,0.0,43.4196,,1,0.2815,Faible
ASX200,EURGBP,Indices,FX_G10,1,,,False,True,False,,0.2813,,0.0,28.1294,,1,0.2813,Faible
EUROSTOXX50,NZDUSD,FX_G10,Indices,1,0.1804,0.0968,False,True,False,0.1844,0.3776,,0.0,37.7572,,1,0.281,Faible
USDCAD,DOWJONES,FX_G10,Indices,1,,,False,False,True,,0.0966,0.4648,0.001902,9.6597,0.2324,1,0.2807,Faible
NASDAQ100,LEAD,Commodites,Indices,1,0.1256,0.0357,False,True,False,0.1093,0.4505,,0.0,45.0486,,1,0.2799,Faible
CAC40,GBPUSD,FX_G10,Indices,1,0.1906,0.1502,False,True,False,0.2235,0.3358,,0.0,33.5838,,1,0.2797,Faible
DAX,GBPUSD,FX_G10,Indices,1,0.1891,0.1338,False,True,False,0.2127,0.3384,,0.0,33.8353,,1,0.2755,Faible
DOWJONES,CAC40,Indices,Indices,5,,,False,True,False,,0.2752,,0.0,27.5184,,1,0.2752,Faible
NASDAQ100,ZINC,Indices,Commodites,2,,,False,True,False,,0.2748,,0.0,27.4831,,1,0.2748,Faible
VIX,EURCHF,FX_G10,Indices,1,0.1183,0.0962,False,True,False,0.1405,0.4043,,0.0,40.4339,,1,0.2724,Faible
SP500,DAX,Indices,Indices,5,,,False,True,False,,0.2721,,0.0,27.2059,,1,0.2721,Faible
SP500,FTSE100,Indices,Indices,5,,,False,True,False,,0.2695,,0.0,26.9545,,1,0.2695,Faible
NIKKEI225,ASX200,Indices,Indices,1,,,False,True,False,,0.2694,,0.0,26.9402,,1,0.2694,Faible
CAC40,NZDUSD,FX_G10,Indices,1,0.1713,0.0848,False,True,False,0.1708,0.3679,,0.0,36.7932,,1,0.2693,Faible
NASDAQ100,EURGBP,FX_G10,Indices,1,0.1695,0.1621,False,True,False,0.2159,0.3217,,0.0,32.1668,,1,0.2688,Faible
DOWJONES,FTSE100,Indices,Indices,5,,,False,True,False,,0.2687,,0.0,26.8702,,1,0.2687,Faible
USDCAD,SP500,FX_G10,Indices,1,,,False,False,True,,0.0756,0.4563,0.006013,7.5578,0.2282,1,0.266,Faible
USDNOK,WTI_CRUDE,FX_G10,Commodites,5,,,False,False,True,,0.052,0.4737,9.4e-05,5.1973,0.2369,1,0.2629,Faible
NASDAQ100,EUROSTOXX50,Indices,Indices,5,,,False,True,False,,0.2618,,0.0,26.1773,,1,0.2618,Faible
VIX,ZINC,Indices,Commodites,2,,,False,True,False,,0.2614,,0.0,26.1399,,1,0.2614,Faible
RUSSELL2000,DAX,Indices,Indices,5,,,False,True,False,,0.2601,,0.0,26.0055,,1,0.2601,Faible
DOWJONES,EURCHF,FX_G10,Indices,1,0.1148,0.0986,False,True,False,0.1395,0.38,,0.0,37.9995,,1,0.2598,Faible
DOWJONES,EUROSTOXX50,Indices,Indices,5,,,False,True,False,,0.2591,,0.0,25.9117,,1,0.2591,Faible
RUSSELL2000,CAC40,Indices,Indices,5,,,False,True,False,,0.2581,,0.0,25.8085,,1,0.2581,Faible
SILVER,ASX200,Commodites,Indices,1,0.1092,0.0119,False,True,False,0.0836,0.431,,0.0,43.1001,,1,0.2573,Faible
ZINC,EURJPY,Commodites,FX_G10,1,0.1143,0.0859,False,True,False,0.1316,0.3823,,0.0,38.2255,,1,0.257,Faible
BRENT_CRUDE,USDJPY,Commodites,FX_G10,1,0.1134,0.107,False,True,False,0.1436,0.3694,,0.0,36.9444,,1,0.2565,Faible
GBPUSD,USDNOK,FX_G10,FX_G10,4,,,False,True,False,,0.2564,,0.0,25.6372,,1,0.2564,Faible
RUSSELL2000,EUROSTOXX50,Indices,Indices,5,,,False,True,False,,0.2547,,0.0,25.467,,1,0.2547,Faible
WTI_CRUDE,EURJPY,Commodites,FX_G10,1,0.1145,0.0919,False,True,False,0.1353,0.3718,,0.0,37.184,,1,0.2535,Faible
NIKKEI225,SP500,Indices,Indices,1,,,False,True,False,,0.247,,1e-06,24.703,,1,0.247,Faible
SP500,ZINC,Indices,Commodites,2,,,False,True,False,,0.2462,,0.0,24.6185,,1,0.2462,Faible
NASDAQ100,DAX,Indices,Indices,5,,,False,True,False,,0.244,,0.0,24.3952,,1,0.244,Faible
DOWJONES,DAX,Indices,Indices,5,,,False,True,False,,0.2437,,0.0,24.3707,,1,0.2437,Faible
HANGSENG,EURJPY,Indices,FX_G10,1,,,False,True,False,,0.2432,,1e-06,24.3152,,1,0.2432,Faible
BRENT_CRUDE,USDSEK,Commodites,FX_G10,1,0.1097,0.102,False,True,False,0.138,0.3441,,0.0,34.4134,,1,0.2411,Faible
NASDAQ100,EURCHF,FX_G10,Indices,1,0.1092,0.1045,False,True,False,0.1391,0.3421,,0.0,34.2139,,1,0.2406,Faible
PLATINUM,NIKKEI225,Commodites,Indices,1,,,False,True,False,,0.2406,,1e-06,24.0594,,1,0.2406,Faible
ZINC,NIKKEI225,Commodites,Indices,1,,,False,True,False,,0.2395,,1e-06,23.9489,,1,0.2395,Faible
VIX,USDNOK,FX_G10,Indices,1,0.1516,0.1478,False,True,False,0.1948,0.2806,,0.0,28.0568,,1,0.2377,Faible
GOLD,EURJPY,FX_G10,Commodites,1,0.1072,0.1031,False,True,False,0.1369,0.3304,,0.0,33.0401,,1,0.2337,Faible
LEAD,USDCHF,Commodites,FX_G10,1,0.1133,0.0374,False,True,False,0.1017,0.3615,,0.0,36.1489,,1,0.2316,Faible
USDNOK,ASX200,FX_G10,Indices,5,,,False,True,False,,0.2314,,0.0,23.1371,,1,0.2314,Faible
G_GILT,USDCHF,Bonds,FX_G10,1,0.1102,0.068,False,True,False,0.1179,0.3439,,0.0,34.3949,,1,0.2309,Faible
LEAD,EURJPY,Commodites,FX_G10,1,0.1084,0.0619,False,True,False,0.113,0.3481,,0.0,34.814,,1,0.2306,Faible
DAX,NZDUSD,FX_G10,Indices,1,0.1744,0.0854,False,True,False,0.1733,0.2815,,0.0,28.1543,,1,0.2274,Faible
EUROSTOXX50,USDNOK,FX_G10,Indices,1,0.1403,0.0489,False,True,False,0.1275,0.3265,,0.0,32.6471,,1,0.227,Faible
NASDAQ100,CAC40,Indices,Indices,5,,,False,True,False,,0.226,,0.0,22.5974,,1,0.226,Faible
PLATINUM,ASX200,Commodites,Indices,2,,,False,True,False,,0.2222,,0.0,22.2165,,1,0.2222,Faible
WTI_CRUDE,USDJPY,Commodites,FX_G10,1,0.1035,0.1013,False,True,False,0.1332,0.3069,,0.0,30.6908,,1,0.2201,Faible
SILVER,HANGSENG,Commodites,Indices,2,,,False,True,False,,0.2197,,0.0,21.9653,,1,0.2197,Faible
GOLD,GBPJPY,FX_G10,Commodites,1,0.1044,0.0899,False,True,False,0.127,0.3107,,0.0,31.0725,,1,0.2188,Faible
VIX,EURGBP,FX_G10,Indices,1,0.1439,0.1319,False,True,False,0.1799,0.2572,,0.0,25.7204,,1,0.2185,Faible
FTSE100,NZDUSD,FX_G10,Indices,1,0.159,0.0719,False,True,False,0.1544,0.2273,0.2739,0.0,22.7319,0.1369,1,0.2185,Faible
COPPER,EURJPY,FX_G10,Commodites,1,0.1329,0.0888,False,True,False,0.1463,0.2867,,0.0,28.6749,,1,0.2165,Faible
BRENT_CRUDE,EURGBP,Commodites,FX_G10,1,0.1005,0.0803,False,True,False,0.1185,0.3142,,0.0,31.4172,,1,0.2163,Faible
CAC40,USDNOK,FX_G10,Indices,1,0.1262,0.0142,False,True,False,0.0969,0.3285,,0.0,32.8455,,1,0.2127,Faible
ZINC,USDNOK,Commodites,FX_G10,1,0.1413,0.0719,False,True,False,0.1421,0.2802,,0.0,28.0245,,1,0.2112,Faible
WTI_CRUDE,HANGSENG,Commodites,Indices,1,0.1088,0.0044,False,True,False,0.0788,0.3424,,0.0,34.244,,1,0.2106,Faible
USDCAD,USDCHF,FX_G10,FX_G10,1,,,False,True,False,,0.2067,,6e-06,20.6717,,1,0.2067,Faible
ZINC,USDCHF,Commodites,FX_G10,1,0.1032,0.0482,False,True,False,0.1012,0.2998,,0.0,29.9756,,1,0.2005,Faible
RUSSELL2000,ZINC,Indices,Commodites,2,,,False,True,False,,0.2004,,0.0,20.0381,,1,0.2004,Faible
WTI_CRUDE,EURGBP,Commodites,FX_G10,1,0.0965,0.0944,False,True,False,0.1242,0.2742,,0.0,27.4247,,1,0.1992,Faible
SP500,LEAD,Commodites,Indices,1,0.1327,0.0341,False,True,False,0.1134,0.2835,,0.0,28.353,,1,0.1984,Faible
TY_US10Y,GBPUSD,Bonds,FX_G10,1,0.1401,0.1297,False,True,False,0.1759,0.2198,,0.0,21.9809,,1,0.1978,Faible
DOWJONES,LEAD,Commodites,Indices,1,0.1264,0.0342,False,True,False,0.109,0.2649,,0.0,26.4912,,1,0.187,Faible
OAT_FRANCE,EURCHF,Bonds,FX_G10,1,0.0943,0.0789,False,True,False,0.1133,0.2553,,0.0,25.534,,1,0.1843,Faible
DAX,USDNOK,FX_G10,Indices,1,0.1219,0.0334,False,True,False,0.1054,0.2621,,0.0,26.2053,,1,0.1837,Faible
LEAD,GBPJPY,Commodites,FX_G10,1,0.0989,0.0332,False,True,False,0.0892,0.2736,,0.0,27.3623,,1,0.1814,Faible
ASX200,LEAD,Commodites,Indices,1,0.0996,0.0103,False,True,False,0.0759,0.2805,,0.0,28.054,,1,0.1782,Faible
WTI_CRUDE,ASX200,Commodites,Indices,1,0.1573,0.0426,False,True,False,0.1357,0.2125,,0.0,21.2503,,1,0.1741,Faible
G_GILT,NZDUSD,Bonds,FX_G10,1,0.0941,0.0364,False,True,False,0.0877,0.2589,,0.0,25.8943,,1,0.1733,Faible
OAT_FRANCE,NZDUSD,Bonds,FX_G10,1,0.0901,0.0453,False,True,False,0.0902,0.2363,,1e-06,23.6285,,1,0.1633,Faible
RUSSELL2000,EURUSD,FX_G10,Indices,1,0.084,0.0589,False,True,False,0.0941,0.2202,,0.0,22.0179,,1,0.1572,Faible
COPPER,EURGBP,FX_G10,Commodites,1,0.0837,0.0789,False,True,False,0.1059,0.201,,8e-06,20.0976,,1,0.1535,Faible
SP500,EURUSD,FX_G10,Indices,1,0.082,0.063,False,True,False,0.0952,0.2039,,0.0,20.3897,,1,0.1496,Faible
